#pragma once

unsigned char coop_portrait_danielle_jpg[] = {
  0xff, 0xd8, 0xff, 0xe0, 0x00, 0x10, 0x4a, 0x46, 0x49, 0x46, 0x00, 0x01,
  0x01, 0x00, 0x00, 0x01, 0x00, 0x01, 0x00, 0x00, 0xff, 0xdb, 0x00, 0x43,
  0x00, 0x04, 0x03, 0x03, 0x04, 0x03, 0x03, 0x04, 0x04, 0x04, 0x04, 0x05,
  0x05, 0x04, 0x05, 0x07, 0x0b, 0x07, 0x07, 0x06, 0x06, 0x07, 0x0e, 0x0a,
  0x0a, 0x08, 0x0b, 0x10, 0x0e, 0x11, 0x11, 0x10, 0x0e, 0x10, 0x0f, 0x12,
  0x14, 0x1a, 0x16, 0x12, 0x13, 0x18, 0x13, 0x0f, 0x10, 0x16, 0x1f, 0x17,
  0x18, 0x1b, 0x1b, 0x1d, 0x1d, 0x1d, 0x11, 0x16, 0x20, 0x22, 0x1f, 0x1c,
  0x22, 0x1a, 0x1c, 0x1d, 0x1c, 0xff, 0xdb, 0x00, 0x43, 0x01, 0x05, 0x05,
  0x05, 0x07, 0x06, 0x07, 0x0d, 0x07, 0x07, 0x0d, 0x1c, 0x12, 0x10, 0x12,
  0x1c, 0x1c, 0x1c, 0x1c, 0x1c, 0x1c, 0x1c, 0x1c, 0x1c, 0x1c, 0x1c, 0x1c,
  0x1c, 0x1c, 0x1c, 0x1c, 0x1c, 0x1c, 0x1c, 0x1c, 0x1c, 0x1c, 0x1c, 0x1c,
  0x1c, 0x1c, 0x1c, 0x1c, 0x1c, 0x1c, 0x1c, 0x1c, 0x1c, 0x1c, 0x1c, 0x1c,
  0x1c, 0x1c, 0x1c, 0x1c, 0x1c, 0x1c, 0x1c, 0x1c, 0x1c, 0x1c, 0x1c, 0x1c,
  0x1c, 0x1c, 0xff, 0xc0, 0x00, 0x11, 0x08, 0x00, 0x80, 0x00, 0x80, 0x03,
  0x01, 0x22, 0x00, 0x02, 0x11, 0x01, 0x03, 0x11, 0x01, 0xff, 0xc4, 0x00,
  0x1c, 0x00, 0x00, 0x01, 0x05, 0x01, 0x01, 0x01, 0x00, 0x00, 0x00, 0x00,
  0x00, 0x00, 0x00, 0x00, 0x00, 0x00, 0x05, 0x01, 0x02, 0x03, 0x04, 0x06,
  0x07, 0x00, 0x08, 0xff, 0xc4, 0x00, 0x45, 0x10, 0x00, 0x02, 0x01, 0x03,
  0x02, 0x03, 0x05, 0x04, 0x05, 0x07, 0x09, 0x09, 0x00, 0x00, 0x00, 0x00,
  0x01, 0x02, 0x03, 0x00, 0x04, 0x11, 0x05, 0x21, 0x06, 0x12, 0x31, 0x13,
  0x22, 0x41, 0x51, 0x61, 0x07, 0x14, 0x71, 0x91, 0x23, 0x32, 0x42, 0x81,
  0xb1, 0x15, 0x16, 0x24, 0x52, 0xa1, 0xb2, 0xd1, 0x25, 0x33, 0x43, 0x62,
  0x72, 0x73, 0xc1, 0xd2, 0xe1, 0x08, 0x34, 0x35, 0x63, 0x74, 0x84, 0x93,
  0xc2, 0xf0, 0xff, 0xc4, 0x00, 0x19, 0x01, 0x00, 0x02, 0x03, 0x01, 0x00,
  0x00, 0x00, 0x00, 0x00, 0x00, 0x00, 0x00, 0x00, 0x00, 0x00, 0x00, 0x02,
  0x04, 0x00, 0x01, 0x03, 0x05, 0xff, 0xc4, 0x00, 0x2a, 0x11, 0x00, 0x03,
  0x00, 0x02, 0x02, 0x01, 0x02, 0x05, 0x03, 0x05, 0x00, 0x00, 0x00, 0x00,
  0x00, 0x00, 0x00, 0x01, 0x02, 0x03, 0x11, 0x12, 0x31, 0x21, 0x04, 0x51,
  0x05, 0x13, 0x33, 0x41, 0x91, 0x14, 0x52, 0xb1, 0x22, 0x32, 0x61, 0x71,
  0xf1, 0xff, 0xda, 0x00, 0x0c, 0x03, 0x01, 0x00, 0x02, 0x11, 0x03, 0x11,
  0x00, 0x3f, 0x00, 0xf8, 0xcd, 0x5c, 0x03, 0x54, 0x6f, 0x25, 0x23, 0x11,
  0x8e, 0x87, 0x73, 0x53, 0x25, 0xbc, 0xce, 0x32, 0xe4, 0x22, 0xf9, 0x78,
  0xd5, 0x3b, 0x94, 0x22, 0x7c, 0x75, 0x5e, 0x9b, 0xd0, 0xa0, 0xdf, 0x45,
  0x67, 0x38, 0x71, 0xf0, 0xab, 0xb0, 0xae, 0x50, 0x1f, 0x8f, 0xe1, 0x54,
  0xe5, 0xc2, 0xb1, 0x1e, 0x59, 0x14, 0x42, 0xcd, 0x72, 0xa1, 0x4f, 0x81,
  0x38, 0xf9, 0x54, 0x29, 0x1e, 0xbb, 0xde, 0xde, 0x01, 0xfd, 0x51, 0x54,
  0x40, 0x3c, 0x83, 0xfb, 0x42, 0x88, 0xdc, 0xa7, 0x32, 0x5a, 0x81, 0xe2,
  0xbf, 0xe1, 0x43, 0xff, 0x00, 0xa3, 0x1b, 0xf8, 0x8a, 0x84, 0xfb, 0x97,
  0xf4, 0x71, 0xfa, 0x6d, 0xbf, 0xf6, 0xeb, 0x45, 0xac, 0xff, 0x00, 0xc3,
  0x93, 0xe3, 0x1f, 0xee, 0x9a, 0xce, 0xe8, 0xcd, 0x9b, 0xeb, 0x71, 0x8f,
  0xb6, 0x2b, 0x4b, 0xad, 0xae, 0x34, 0xc8, 0xcf, 0xac, 0x7f, 0xba, 0x69,
  0x3c, 0xbf, 0x5a, 0x46, 0x71, 0xfd, 0x2a, 0x33, 0x79, 0xaf, 0x03, 0xd6,
  0xbd, 0x4d, 0x3d, 0x29, 0xb1, 0x61, 0xc4, 0xd7, 0x87, 0x4a, 0x68, 0x38,
  0x15, 0xe0, 0x7a, 0xd4, 0x21, 0x20, 0xa2, 0x1a, 0x74, 0x06, 0x48, 0x2f,
  0x65, 0xcf, 0xf3, 0x71, 0xe3, 0x18, 0xeb, 0x9c, 0xff, 0x00, 0x0a, 0x1e,
  0xa7, 0x6a, 0x29, 0xa6, 0xf3, 0x7b, 0x86, 0xa9, 0x89, 0x55, 0x39, 0x62,
  0x56, 0xe5, 0x39, 0xcb, 0xf7, 0x82, 0xe0, 0x7d, 0xcc, 0x4f, 0xdd, 0x41,
  0x7d, 0x17, 0x1d, 0x83, 0xc5, 0x3f, 0x97, 0x6a, 0x8f, 0xa6, 0xf4, 0xe0,
  0xfe, 0x14, 0x65, 0x17, 0x64, 0x81, 0xd7, 0x25, 0x95, 0xb3, 0xea, 0x28,
  0x3d, 0xc0, 0x53, 0x22, 0xae, 0x58, 0x38, 0x24, 0xb7, 0x91, 0x1e, 0x14,
  0x6e, 0xdb, 0x88, 0xae, 0xa4, 0x5e, 0x57, 0x64, 0x95, 0x4f, 0x50, 0xea,
  0x0d, 0x0d, 0xd4, 0x96, 0x0e, 0x48, 0x66, 0x40, 0x56, 0x66, 0x0e, 0x18,
  0x0e, 0x9d, 0x76, 0xa1, 0x96, 0xfa, 0x66, 0xb5, 0x2b, 0x5b, 0x40, 0x7b,
  0x81, 0xca, 0xc7, 0xe0, 0x68, 0xbd, 0x9a, 0x02, 0x21, 0xdc, 0x1c, 0xef,
  0xb7, 0xc0, 0xd0, 0x79, 0x9f, 0x9c, 0xe7, 0x18, 0xda, 0x8a, 0xe9, 0x73,
  0x19, 0x04, 0x20, 0xe4, 0x85, 0x6c, 0x67, 0xc8, 0x60, 0xd1, 0x3e, 0x8c,
  0xd1, 0x2a, 0xa8, 0x93, 0xdd, 0x54, 0xfd, 0x94, 0x24, 0xd0, 0xc7, 0x8f,
  0x96, 0x16, 0xfe, 0xd6, 0xd4, 0x5e, 0xcd, 0x49, 0x56, 0x07, 0xaa, 0xab,
  0x26, 0x7e, 0xfc, 0xd5, 0x39, 0xe1, 0xcd, 0xb4, 0x6d, 0xfa, 0xcb, 0x9f,
  0xbc, 0x55, 0x6c, 0xbd, 0x09, 0xa1, 0xed, 0xa8, 0xda, 0x83, 0xfa, 0xe2,
  0xb6, 0x3c, 0x4a, 0x81, 0x34, 0x6b, 0x5c, 0x0c, 0x64, 0x46, 0x4f, 0xc9,
  0xab, 0x33, 0xa3, 0x5b, 0xa8, 0xbc, 0xb6, 0x7c, 0x82, 0x4c, 0xa0, 0x6c,
  0x6b, 0x47, 0xc4, 0x05, 0x9b, 0x46, 0x8f, 0x98, 0x93, 0x87, 0x8c, 0x0f,
  0x41, 0xca, 0x69, 0x4c, 0xdf, 0x5a, 0x4d, 0xf1, 0xfd, 0x2a, 0x32, 0x78,
  0x06, 0x93, 0xa5, 0x28, 0xdf, 0x34, 0x8d, 0x4e, 0x8b, 0x08, 0x77, 0xa5,
  0x00, 0x63, 0x6c, 0xe7, 0xc6, 0xbc, 0x29, 0xe2, 0xa8, 0x82, 0xa0, 0xa2,
  0x76, 0x50, 0xb1, 0xb0, 0xbf, 0x9b, 0xec, 0x2a, 0x2a, 0x9f, 0x89, 0x60,
  0x7f, 0xc2, 0x86, 0xa8, 0xc5, 0x17, 0xb2, 0xed, 0x7f, 0x21, 0xea, 0x65,
  0x79, 0x79, 0x15, 0xa2, 0x0e, 0x49, 0x19, 0xdc, 0x9c, 0x60, 0x7d, 0xd4,
  0x17, 0xd7, 0xe3, 0xf9, 0x0a, 0x41, 0x47, 0xe1, 0x48, 0x06, 0xe6, 0x9c,
  0x06, 0x45, 0x34, 0x78, 0xd1, 0x82, 0x55, 0x8d, 0x49, 0x90, 0x08, 0xf3,
  0x92, 0x71, 0x4d, 0x9c, 0x87, 0x9a, 0x57, 0xc9, 0x21, 0x48, 0x0a, 0x33,
  0x52, 0x92, 0x42, 0x9e, 0x53, 0x83, 0x8f, 0x95, 0x41, 0x6a, 0xbd, 0xa7,
  0x77, 0x60, 0x03, 0x0d, 0x8d, 0x42, 0xff, 0x00, 0xc1, 0x0c, 0xb0, 0xb1,
  0xcb, 0x03, 0xb8, 0x1f, 0x54, 0xf8, 0x0a, 0xb9, 0xa0, 0xce, 0xa9, 0x2c,
  0x96, 0xef, 0xb3, 0x3f, 0xd5, 0x3e, 0xa2, 0xae, 0xdf, 0x40, 0x8f, 0x0a,
  0xb2, 0x8e, 0x59, 0x57, 0x62, 0x47, 0x88, 0xa1, 0x31, 0x5b, 0xb3, 0xdc,
  0x03, 0xf5, 0x58, 0xf8, 0xfa, 0xd4, 0xed, 0x13, 0xa6, 0x1c, 0x88, 0xf2,
  0xdf, 0x4f, 0x09, 0x1c, 0xad, 0x28, 0xe6, 0x5f, 0x46, 0x1d, 0x45, 0x31,
  0xa1, 0xe6, 0x8e, 0x58, 0xf1, 0xf5, 0x4f, 0x30, 0xf8, 0x1e, 0xb5, 0x0b,
  0x73, 0x5c, 0x77, 0xb7, 0x5b, 0x88, 0x8f, 0x53, 0xd7, 0x35, 0x7e, 0x16,
  0x59, 0x82, 0x4c, 0x06, 0x03, 0x77, 0x5c, 0x79, 0x1f, 0x1a, 0x1e, 0x82,
  0x28, 0x68, 0x68, 0xc9, 0xa8, 0x21, 0x6d, 0xa3, 0x84, 0xf3, 0xbb, 0x1e,
  0x80, 0x03, 0x47, 0xa4, 0xe2, 0x15, 0x95, 0x3b, 0x04, 0xb4, 0x81, 0xa1,
  0xc0, 0x1f, 0x4c, 0xbc, 0xe4, 0x91, 0xb0, 0x6f, 0x21, 0x51, 0x8b, 0x01,
  0x6d, 0x66, 0xcc, 0x40, 0x22, 0xe1, 0x89, 0x3e, 0x80, 0x6d, 0xf8, 0xe7,
  0xe7, 0x41, 0x64, 0xcc, 0x72, 0x34, 0x58, 0xef, 0x86, 0xc1, 0xf5, 0xac,
  0xf8, 0xcd, 0xd6, 0xd8, 0x69, 0xb9, 0x9d, 0x04, 0x86, 0xa0, 0x90, 0x1e,
  0x49, 0x6c, 0x2c, 0xe5, 0x8d, 0xbe, 0xb6, 0x62, 0xe5, 0x38, 0xcf, 0x81,
  0x18, 0xc5, 0x25, 0xf6, 0x8c, 0x8f, 0x66, 0xda, 0x85, 0x89, 0x2d, 0x6a,
  0xa7, 0x12, 0x46, 0x4e, 0x5a, 0x3f, 0xe2, 0x3d, 0x69, 0x16, 0x19, 0x79,
  0xa2, 0x8c, 0xa3, 0x17, 0x70, 0x39, 0x46, 0x3a, 0xe6, 0xba, 0x46, 0x8d,
  0xc3, 0x12, 0x06, 0xb7, 0xb7, 0x92, 0x36, 0x0b, 0x3c, 0x66, 0x39, 0x01,
  0xdb, 0xba, 0x7a, 0xfe, 0xca, 0x1b, 0xca, 0xb1, 0xeb, 0xc8, 0x51, 0x8f,
  0x9a, 0x67, 0x20, 0x14, 0xe5, 0xeb, 0x4f, 0x9a, 0x31, 0x14, 0xb2, 0x22,
  0xb0, 0x60, 0xac, 0x54, 0x30, 0xf1, 0xc1, 0xeb, 0x4d, 0x51, 0x4c, 0x0b,
  0x8f, 0x03, 0x02, 0x88, 0xd9, 0xc6, 0xdf, 0x92, 0x75, 0x09, 0x31, 0xdc,
  0x26, 0x35, 0x07, 0xd7, 0x34, 0x37, 0x22, 0x8d, 0x5b, 0xe4, 0x70, 0xbd,
  0xee, 0x15, 0xb9, 0x7d, 0xe5, 0x14, 0xb6, 0x36, 0xdc, 0x12, 0x06, 0x7c,
  0xfb, 0xa7, 0xe5, 0x41, 0x6b, 0xc7, 0xe3, 0xf9, 0x0a, 0x7b, 0x03, 0xb7,
  0x5c, 0x0a, 0x45, 0x5c, 0x66, 0x95, 0x46, 0xf9, 0xcd, 0x4b, 0x81, 0xd6,
  0x8c, 0xa4, 0x0a, 0x82, 0x4e, 0xda, 0x5e, 0x53, 0xd0, 0x9c, 0x53, 0xed,
  0xc0, 0x13, 0xbf, 0x9f, 0x85, 0x54, 0xb7, 0xcf, 0x6c, 0x33, 0xe3, 0x45,
  0x20, 0xb7, 0x2f, 0x71, 0xb7, 0x4e, 0xb5, 0x08, 0x82, 0x30, 0xa7, 0x6f,
  0x1b, 0x27, 0x53, 0x8d, 0xa8, 0x71, 0x05, 0x39, 0xc6, 0x01, 0xce, 0xdb,
  0xd1, 0xfb, 0x2b, 0x56, 0x57, 0x06, 0xab, 0x6b, 0x36, 0x26, 0xd6, 0xf1,
  0x8f, 0x2e, 0x12, 0x55, 0xe7, 0x5f, 0xbe, 0x85, 0x52, 0xde, 0x83, 0x6b,
  0xc6, 0xc0, 0xf6, 0xb2, 0xb0, 0x94, 0xb3, 0xe4, 0xb2, 0xec, 0xc3, 0xf5,
  0x97, 0xf8, 0x8a, 0xbc, 0x18, 0xda, 0x5c, 0x4b, 0x1e, 0x41, 0x43, 0xe2,
  0x0e, 0xc7, 0xc8, 0xd5, 0x23, 0x0b, 0x9c, 0xbc, 0x63, 0x2e, 0x9b, 0xed,
  0xe5, 0x57, 0xe6, 0x95, 0x2e, 0x34, 0xd8, 0xdc, 0xc6, 0x16, 0x5b, 0x64,
  0xc6, 0xdf, 0xd2, 0x21, 0xe9, 0xf2, 0x35, 0x19, 0x48, 0x39, 0x18, 0x71,
  0xa1, 0xac, 0xcc, 0x98, 0x70, 0xec, 0xa4, 0xb0, 0xea, 0x08, 0x05, 0x7f,
  0x03, 0x40, 0x2c, 0x04, 0x73, 0x6a, 0x60, 0xbf, 0x78, 0x31, 0x2c, 0x7c,
  0x05, 0x1a, 0x4e, 0x20, 0x3a, 0xce, 0x91, 0x1d, 0xb9, 0xb1, 0xb3, 0x8e,
  0x4b, 0x78, 0x92, 0xd8, 0xcb, 0x10, 0xec, 0xcc, 0x9d, 0xee, 0x60, 0xee,
  0x49, 0xdd, 0xba, 0x8c, 0xed, 0x54, 0x2c, 0xac, 0x5a, 0x09, 0x6d, 0xa6,
  0xec, 0x03, 0x89, 0xc9, 0x55, 0xcb, 0x9e, 0xee, 0x0e, 0xf9, 0xc5, 0x62,
  0x9e, 0xb7, 0xb3, 0x56, 0xb7, 0x3e, 0x0e, 0x89, 0xc3, 0x9a, 0x54, 0x77,
  0xfa, 0x9d, 0xb4, 0xd2, 0xc4, 0x04, 0x11, 0xb7, 0x89, 0xc9, 0xfc, 0x07,
  0xc2, 0xba, 0x0c, 0x50, 0xc5, 0x36, 0xb2, 0xd2, 0x4a, 0xaa, 0xd6, 0xb0,
  0x46, 0xf3, 0x38, 0xe9, 0xcc, 0x8a, 0xa4, 0x91, 0x8f, 0x5a, 0xc6, 0x5c,
  0xdd, 0xcf, 0xc2, 0x9c, 0x3a, 0xe5, 0xe3, 0x8c, 0x5c, 0x28, 0x5e, 0x50,
  0x73, 0x92, 0x4f, 0xd5, 0xf1, 0xff, 0x00, 0xec, 0x1a, 0x65, 0x9f, 0x10,
  0x6a, 0x97, 0xb6, 0x3a, 0x84, 0x37, 0x91, 0xe9, 0xe8, 0xd2, 0xdb, 0x02,
  0x21, 0x5c, 0x97, 0x08, 0x18, 0x31, 0xce, 0x4f, 0x88, 0x18, 0xae, 0x73,
  0x8a, 0xba, 0xe5, 0xf6, 0x43, 0x98, 0xe9, 0x4e, 0x35, 0x2b, 0xb6, 0x72,
  0x0b, 0xc8, 0x9a, 0x3b, 0x99, 0x39, 0x90, 0xa7, 0x31, 0xe6, 0x0a, 0x7c,
  0x8f, 0x4a, 0x88, 0x0d, 0xa8, 0xcf, 0x13, 0x71, 0x04, 0xfc, 0x4b, 0xaa,
  0xcd, 0x79, 0x73, 0x6b, 0x6f, 0x6d, 0x32, 0xaa, 0x20, 0x4b, 0x68, 0xb9,
  0x23, 0xe5, 0x03, 0xc1, 0x47, 0x4f, 0x13, 0xf7, 0xd0, 0x70, 0xa3, 0x97,
  0x3c, 0xc3, 0x24, 0xe3, 0x1e, 0x55, 0xd7, 0x96, 0xda, 0xf2, 0x73, 0x1a,
  0xd3, 0xf0, 0x27, 0x2d, 0x16, 0xb6, 0x27, 0xf2, 0x05, 0xea, 0x92, 0x71,
  0xef, 0x11, 0x7e, 0xeb, 0xd0, 0xa1, 0xb5, 0x1a, 0xed, 0x71, 0xc3, 0x0b,
  0x1f, 0x2e, 0x79, 0xae, 0xb2, 0x5b, 0xcb, 0x0b, 0xd3, 0xf6, 0xd5, 0x5a,
  0xda, 0xfc, 0x7f, 0x25, 0xcf, 0x60, 0x90, 0xb4, 0xe5, 0xce, 0x7d, 0x29,
  0xa3, 0x7e, 0x95, 0x32, 0xed, 0x56, 0x51, 0x9d, 0x39, 0x89, 0xc1, 0xf1,
  0x06, 0xb5, 0x3c, 0x3f, 0x6f, 0xef, 0x53, 0x4c, 0xa7, 0xa8, 0x03, 0x14,
  0x4e, 0xef, 0xd9, 0x4f, 0x10, 0x4d, 0x2c, 0x86, 0x28, 0xad, 0xd9, 0x0b,
  0x64, 0x1e, 0xdc, 0x56, 0x97, 0x86, 0x3d, 0x9e, 0x6b, 0x16, 0x17, 0x46,
  0x4b, 0x88, 0xa2, 0x0a, 0x53, 0x97, 0xbb, 0x20, 0x3b, 0xd6, 0x57, 0xea,
  0x31, 0xf1, 0x6d, 0x52, 0x36, 0x9c, 0x37, 0xbf, 0x28, 0xa7, 0x16, 0x9a,
  0x54, 0x0c, 0x6d, 0x8a, 0x8b, 0x88, 0x6c, 0x8c, 0xf6, 0x11, 0x49, 0x8c,
  0xb4, 0x07, 0x94, 0x9f, 0x43, 0x5d, 0x25, 0x38, 0x36, 0xed, 0x90, 0x72,
  0x22, 0x67, 0xcb, 0x9a, 0xa3, 0x9f, 0x80, 0xf5, 0x09, 0x62, 0x92, 0x26,
  0x45, 0x65, 0x75, 0xc6, 0x13, 0x7f, 0xe1, 0x4a, 0xcf, 0xa8, 0x9d, 0xef,
  0x66, 0xcf, 0x13, 0xd7, 0x47, 0x0c, 0x64, 0x6b, 0x74, 0x13, 0x60, 0x8c,
  0x1c, 0xd4, 0xf7, 0x76, 0xcb, 0x2e, 0x97, 0x21, 0x8d, 0xf9, 0x64, 0x12,
  0x80, 0x9c, 0xbd, 0x0c, 0x6d, 0x9f, 0x1f, 0x88, 0xae, 0xa1, 0x77, 0xec,
  0xdb, 0x56, 0x36, 0xae, 0xa9, 0xa4, 0x49, 0x33, 0x2e, 0x70, 0xcd, 0x2c,
  0x71, 0x28, 0x1e, 0xa4, 0x93, 0x5c, 0xc2, 0xe1, 0x8c, 0x72, 0x5c, 0x59,
  0xce, 0x23, 0xe4, 0x52, 0x63, 0x61, 0x13, 0xf3, 0x2a, 0x80, 0x49, 0xd9,
  0x87, 0x5f, 0x1d, 0xe9, 0xa9, 0xca, 0xaf, 0xca, 0x31, 0x70, 0xd7, 0x60,
  0xcb, 0x07, 0x99, 0x10, 0xc3, 0x1b, 0xb9, 0xb0, 0x99, 0xc3, 0x18, 0xb9,
  0x88, 0x59, 0x19, 0x4e, 0x01, 0x23, 0xa6, 0x47, 0x31, 0x3f, 0x03, 0x5b,
  0x7b, 0x6e, 0x24, 0xd3, 0xf5, 0xdd, 0x75, 0xee, 0x27, 0x96, 0x5d, 0x39,
  0x60, 0x85, 0x02, 0xb8, 0x89, 0x5f, 0x99, 0xa3, 0x8c, 0x06, 0x72, 0xb9,
  0x00, 0x13, 0xcb, 0x9c, 0x0c, 0xd6, 0x16, 0x69, 0xee, 0x67, 0xb7, 0x4b,
  0x51, 0x84, 0xb7, 0xb7, 0x25, 0x93, 0xbd, 0x90, 0xb9, 0xea, 0x47, 0xc7,
  0x02, 0xa0, 0x30, 0x48, 0x23, 0x74, 0x57, 0x25, 0x1c, 0xe5, 0x8e, 0x7e,
  0xb5, 0x5d, 0xe3, 0x56, 0xbc, 0x95, 0x36, 0xe1, 0xf8, 0x3a, 0x56, 0xab,
  0xae, 0xda, 0x6b, 0xb0, 0xc5, 0x35, 0xde, 0xab, 0xa8, 0xde, 0xfb, 0xbe,
  0x24, 0x58, 0xee, 0x2d, 0xd2, 0x25, 0xf3, 0x00, 0xb0, 0x73, 0x80, 0x7e,
  0x06, 0x81, 0x3f, 0x10, 0xbf, 0xbd, 0x24, 0xf0, 0x99, 0xe3, 0x96, 0xe2,
  0x26, 0xed, 0x1c, 0xc9, 0x83, 0xca, 0x7e, 0xb0, 0x18, 0xfb, 0xfc, 0xb6,
  0xda, 0x81, 0x7f, 0x3f, 0xcb, 0xf4, 0x6a, 0xbc, 0xaa, 0x17, 0x2c, 0xe3,
  0x1b, 0x0a, 0x94, 0x20, 0xe6, 0x52, 0xcc, 0xcf, 0x80, 0x17, 0x98, 0x8c,
  0x0c, 0x79, 0x01, 0x43, 0x38, 0xa6, 0x56, 0x83, 0xe4, 0xd9, 0xa6, 0xd5,
  0xb4, 0x38, 0xac, 0xb4, 0xdb, 0x8b, 0xc9, 0xa7, 0x44, 0x96, 0x44, 0x50,
  0xaa, 0xdb, 0x16, 0xc0, 0xd8, 0x0f, 0x3c, 0x8c, 0x1a, 0xc6, 0x8d, 0xcd,
  0x11, 0xbb, 0xbc, 0x7d, 0x42, 0xe2, 0x45, 0x9a, 0x49, 0x1b, 0x97, 0x64,
  0x25, 0xc9, 0x03, 0x6c, 0x0d, 0xbe, 0xea, 0xa1, 0x2c, 0x2d, 0x11, 0xc1,
  0x20, 0x83, 0xd0, 0x83, 0xb1, 0xad, 0x61, 0x69, 0x68, 0xc6, 0xd3, 0x10,
  0x51, 0x95, 0x76, 0x3c, 0x32, 0x23, 0xe6, 0x3c, 0xa2, 0xf4, 0xb0, 0x1e,
  0xbd, 0x9f, 0xfa, 0x50, 0x61, 0x46, 0xe6, 0x64, 0x4e, 0x1b, 0xb2, 0x45,
  0x50, 0x1e, 0x49, 0x9d, 0xd9, 0xb3, 0xd7, 0x19, 0x15, 0x2d, 0x6f, 0x40,
  0xcf, 0xdc, 0x1a, 0xa3, 0x02, 0x9c, 0x16, 0x99, 0x19, 0xe6, 0xf1, 0xa9,
  0x57, 0x02, 0xa1, 0x48, 0xbf, 0x1c, 0x93, 0x46, 0x30, 0xb7, 0x12, 0xa0,
  0x3e, 0x4e, 0x45, 0x4a, 0xb7, 0x37, 0x5e, 0x17, 0x77, 0x1f, 0xf9, 0x0d,
  0x58, 0xbe, 0xd2, 0x2e, 0x34, 0xf8, 0x56, 0x59, 0x0e, 0x55, 0x82, 0x91,
  0xb7, 0x5c, 0xd6, 0xd7, 0x85, 0xbd, 0x8f, 0xeb, 0x5c, 0x55, 0xab, 0x5a,
  0x69, 0xd6, 0xd7, 0x36, 0x91, 0x4d, 0x72, 0xe5, 0x11, 0xa5, 0x66, 0x0a,
  0x36, 0x27, 0x7c, 0x03, 0xe5, 0x48, 0xd5, 0x4c, 0xad, 0xb6, 0x77, 0x16,
  0x58, 0x66, 0x0f, 0xdf, 0x2f, 0x54, 0x9f, 0xd3, 0x2e, 0x71, 0xe9, 0x21,
  0xa7, 0x0d, 0x42, 0xfc, 0x10, 0x45, 0xed, 0xd8, 0x23, 0xfe, 0x69, 0xae,
  0xcf, 0xad, 0xff, 0x00, 0xb3, 0x2f, 0x15, 0x68, 0x12, 0xba, 0x4f, 0x7f,
  0xa6, 0x31, 0x41, 0xb9, 0x47, 0x7c, 0x7e, 0xd5, 0xae, 0x7b, 0x7d, 0xc0,
  0x3a, 0xc5, 0x93, 0xb2, 0x91, 0x0c, 0x80, 0x1d, 0xca, 0x9f, 0xe2, 0x28,
  0x67, 0x2c, 0x57, 0xf6, 0xb4, 0x4e, 0x50, 0x65, 0xf5, 0x1e, 0x24, 0xd5,
  0xc5, 0xb9, 0x81, 0xb5, 0x3b, 0xc7, 0x49, 0xc1, 0x56, 0x56, 0x94, 0x90,
  0x45, 0x00, 0x89, 0xe2, 0x71, 0x38, 0x2c, 0xd8, 0x45, 0xc1, 0x24, 0x63,
  0x7e, 0x94, 0x7f, 0x5a, 0xd2, 0xe5, 0xb4, 0x92, 0x14, 0x9c, 0x62, 0x45,
  0x1c, 0xd9, 0x4e, 0xa3, 0x7e, 0xbe, 0xb4, 0x22, 0x61, 0x3d, 0xc8, 0x68,
  0xb9, 0x94, 0xae, 0x77, 0x3c, 0xa0, 0x67, 0xcb, 0x38, 0x14, 0xcc, 0x35,
  0xc7, 0x42, 0xb9, 0x71, 0xdf, 0x35, 0x4b, 0xce, 0xfa, 0x07, 0x44, 0x1a,
  0x4c, 0xa2, 0x8f, 0x0c, 0x93, 0xe1, 0xf7, 0xd4, 0xb0, 0xc9, 0x18, 0x66,
  0x01, 0x14, 0xef, 0xd4, 0xe0, 0x66, 0xad, 0x43, 0xa7, 0xb2, 0x86, 0xe6,
  0x71, 0xde, 0x18, 0xd8, 0x53, 0x57, 0x48, 0x3b, 0xfd, 0x27, 0x4f, 0x4a,
  0x3f, 0x9b, 0x3e, 0xe0, 0x7e, 0x8f, 0x37, 0x8d, 0x21, 0x12, 0x68, 0xf3,
  0x90, 0xa8, 0xb4, 0xb3, 0x5e, 0xe5, 0x70, 0x9d, 0x7c, 0xe9, 0x82, 0xde,
  0xde, 0x29, 0x9e, 0x39, 0xe5, 0x2a, 0x02, 0xe4, 0x30, 0x5c, 0xe4, 0xe3,
  0x61, 0x8a, 0x89, 0x63, 0x88, 0xff, 0x00, 0x4b, 0x8f, 0x88, 0xa3, 0x4d,
  0x3f, 0x26, 0x0f, 0x94, 0xb7, 0x2c, 0x7d, 0x88, 0x1c, 0xd2, 0x33, 0x87,
  0x66, 0xc6, 0xca, 0xbe, 0x34, 0x62, 0xcf, 0x49, 0x7b, 0xe9, 0xa1, 0x48,
  0xa3, 0x75, 0x37, 0x4b, 0x82, 0xaf, 0xe1, 0x8c, 0xef, 0x50, 0x69, 0x56,
  0x64, 0xb1, 0x64, 0x90, 0x13, 0x8c, 0x8e, 0x5f, 0x0d, 0xff, 0x00, 0xd6,
  0xb4, 0xdc, 0x3d, 0x72, 0xcb, 0xaf, 0x59, 0x46, 0xf2, 0x16, 0x8d, 0x25,
  0xe5, 0x45, 0xf2, 0xcf, 0x5a, 0xcb, 0x2d, 0xb9, 0x4d, 0xc9, 0xb7, 0xa7,
  0xc7, 0x35, 0x73, 0x37, 0xd3, 0x66, 0x25, 0xe3, 0x68, 0x9d, 0xe3, 0x61,
  0x86, 0x42, 0x54, 0x8f, 0x22, 0x28, 0xac, 0x81, 0x7f, 0x37, 0xac, 0x7b,
  0xab, 0x9f, 0x79, 0x9b, 0x24, 0x0d, 0xcf, 0x75, 0x3a, 0xd5, 0x3d, 0x48,
  0x7f, 0x29, 0x5e, 0x7f, 0x7c, 0xff, 0x00, 0xbc, 0x6b, 0x55, 0x77, 0xc2,
  0x1a, 0xc2, 0xe8, 0xfa, 0x6d, 0xbc, 0x3a, 0x65, 0xcc, 0x92, 0x90, 0xd3,
  0xb9, 0x4c, 0x30, 0x1c, 0xd8, 0x00, 0x6d, 0xd0, 0xe1, 0x7f, 0x6d, 0x5e,
  0x4c, 0x93, 0x3c, 0x79, 0x3d, 0x7f, 0xc1, 0x59, 0x86, 0xf9, 0x69, 0x19,
  0x11, 0x8c, 0xec, 0x71, 0x4f, 0x0d, 0xcb, 0xea, 0x28, 0xbf, 0xe6, 0x57,
  0x10, 0xf3, 0x0f, 0xe4, 0x6b, 0xcc, 0x7f, 0x76, 0x6a, 0x61, 0xc1, 0x5c,
  0x43, 0x9d, 0xb4, 0x5b, 0xe3, 0xf0, 0x88, 0xd4, 0xf9, 0xf8, 0xbf, 0x72,
  0xfc, 0xa2, 0xbe, 0x5d, 0xfb, 0x33, 0x69, 0xc4, 0xb3, 0x5a, 0xae, 0x9d,
  0x6b, 0x6e, 0xc1, 0x5e, 0xe0, 0x88, 0xd1, 0x48, 0x3d, 0x37, 0x15, 0xf4,
  0x07, 0xb1, 0x76, 0x82, 0xef, 0x8e, 0xb4, 0x68, 0xe2, 0x20, 0xb7, 0x69,
  0xda, 0x73, 0x67, 0x60, 0x3b, 0x3a, 0xf9, 0x6b, 0x4c, 0xe1, 0x4e, 0x21,
  0xe2, 0xad, 0x62, 0xde, 0xd2, 0xca, 0xe2, 0xca, 0x4b, 0xa6, 0xef, 0x22,
  0xcd, 0x37, 0x64, 0xbd, 0xd0, 0x4e, 0x79, 0x9c, 0x01, 0xe1, 0xe7, 0x5d,
  0x7b, 0x84, 0xfd, 0x9e, 0x7b, 0x60, 0xe0, 0xad, 0x52, 0xdf, 0x55, 0xb0,
  0x4d, 0x0c, 0xcb, 0x1a, 0x90, 0xbd, 0xa6, 0xa5, 0x6e, 0xc3, 0x04, 0x63,
  0xa7, 0x3d, 0x21, 0x97, 0x1c, 0x71, 0xd2, 0xa5, 0xb1, 0x95, 0x6f, 0xa6,
  0x8f, 0xb6, 0xb8, 0xe3, 0x40, 0xb7, 0xd5, 0x67, 0x78, 0xf9, 0xd7, 0x24,
  0x77, 0x88, 0xdf, 0x1e, 0x95, 0xc6, 0x38, 0x93, 0xd9, 0x94, 0x8e, 0xae,
  0x2d, 0xe3, 0x07, 0xd5, 0xb6, 0x14, 0x2f, 0x4d, 0xe2, 0xbf, 0x6e, 0x76,
  0xd7, 0x71, 0xc7, 0x25, 0x97, 0x08, 0x5d, 0x15, 0x19, 0x6c, 0x5c, 0x06,
  0xf9, 0x95, 0x7a, 0xa7, 0xc7, 0xfe, 0xd6, 0x38, 0xd7, 0x42, 0xb1, 0x8c,
  0xeb, 0x16, 0x1c, 0x3b, 0x6b, 0x34, 0xa4, 0xa2, 0xb2, 0x48, 0x70, 0xc4,
  0x75, 0xc0, 0x2c, 0x7f, 0x6d, 0x22, 0xe2, 0xa6, 0xbf, 0xa5, 0xad, 0xb3,
  0x58, 0x7f, 0x63, 0xe7, 0x5f, 0x6b, 0xba, 0x01, 0xd0, 0x78, 0x8e, 0x0b,
  0x73, 0x75, 0x04, 0xb2, 0x18, 0xbb, 0xe9, 0x1b, 0x06, 0xe4, 0x39, 0x3b,
  0x11, 0xe0, 0x6b, 0x15, 0x73, 0x68, 0x16, 0xdc, 0xce, 0x17, 0x07, 0x60,
  0x4f, 0x85, 0x7b, 0x8a, 0x2e, 0xee, 0xf5, 0x5d, 0x7b, 0x50, 0xbc, 0x9a,
  0x65, 0x9a, 0x4b, 0x89, 0x9a, 0x56, 0x60, 0x43, 0x0c, 0x93, 0xe1, 0xe9,
  0x50, 0xa4, 0x92, 0xc7, 0x68, 0xe9, 0x3b, 0x8e, 0x47, 0x18, 0x18, 0xf3,
  0xf0, 0xae, 0x9a, 0x86, 0xa5, 0x79, 0x1e, 0xc3, 0x95, 0x2d, 0x4d, 0x4b,
  0x2a, 0xa9, 0x07, 0xee, 0xa5, 0x0d, 0x4d, 0xb9, 0xb6, 0x2b, 0x68, 0xd2,
  0x23, 0x61, 0x94, 0x8d, 0xc5, 0x0d, 0x59, 0x6e, 0x07, 0xdb, 0xf9, 0x8a,
  0x38, 0xc4, 0xed, 0x6d, 0x1a, 0x66, 0xf5, 0x6b, 0x0d, 0x71, 0xa4, 0x45,
  0xa9, 0xff, 0x00, 0xbd, 0x9d, 0xfc, 0x05, 0x4f, 0x6e, 0x24, 0x96, 0x13,
  0x0c, 0x50, 0x23, 0x16, 0xeb, 0x21, 0x52, 0x48, 0xc7, 0x95, 0x43, 0x25,
  0xbc, 0xb3, 0xb9, 0x66, 0xdd, 0x8f, 0x95, 0x59, 0x81, 0x2e, 0xe1, 0x89,
  0xa2, 0x46, 0x2a, 0x8f, 0xb1, 0x1e, 0x06, 0x9b, 0x53, 0xa9, 0x48, 0xe2,
  0x65, 0xaf, 0x99, 0x92, 0xa9, 0x7d, 0xcb, 0xb6, 0x91, 0x35, 0x94, 0x17,
  0x78, 0x7e, 0x46, 0xe4, 0xe5, 0xcf, 0xc4, 0x81, 0x44, 0xb8, 0x6e, 0x45,
  0xb6, 0xbd, 0x86, 0x68, 0xe2, 0x32, 0x18, 0xcf, 0x3f, 0x33, 0x1c, 0x74,
  0xaa, 0x4f, 0x67, 0xee, 0xda, 0x33, 0xcd, 0x3b, 0x0f, 0xa4, 0x91, 0x50,
  0x13, 0xe9, 0x92, 0x6a, 0xc6, 0x93, 0x34, 0x32, 0xcd, 0x14, 0x42, 0x52,
  0xe4, 0x9d, 0x94, 0x0d, 0xab, 0x2c, 0x9a, 0xe2, 0xf6, 0x6b, 0x87, 0x97,
  0xcc, 0x9e, 0x1d, 0xf8, 0xd0, 0x1e, 0xf4, 0x4b, 0xef, 0x73, 0x19, 0x94,
  0x2c, 0x8e, 0xc5, 0xc8, 0x1f, 0xd6, 0xdf, 0xfc, 0x6b, 0xb9, 0x5b, 0xc0,
  0x0a, 0xab, 0x8b, 0xb4, 0x21, 0x91, 0x4e, 0x0c, 0xb7, 0x03, 0x1b, 0x7a,
  0x2e, 0x3e, 0x55, 0x93, 0x93, 0xd9, 0x66, 0xb5, 0xc4, 0x57, 0x3e, 0xf9,
  0x0b, 0xd9, 0xc5, 0x6d, 0x22, 0x28, 0x8d, 0x9a, 0x42, 0x72, 0x00, 0x03,
  0x70, 0x01, 0x39, 0xda, 0xb7, 0xd1, 0x58, 0xad, 0xbc, 0x31, 0xdb, 0xb8,
  0x46, 0x92, 0x25, 0x08, 0xcc, 0x0d, 0xe7, 0x51, 0xb1, 0xf4, 0xf0, 0xae,
  0x47, 0xc4, 0x3d, 0x4e, 0x3c, 0x8a, 0x54, 0x3d, 0xeb, 0xbd, 0x1b, 0xfa,
  0x7c, 0x57, 0x8e, 0xa9, 0x5a, 0x23, 0xb7, 0x8c, 0x06, 0xde, 0xee, 0x31,
  0xff, 0x00, 0x73, 0x70, 0x3f, 0x14, 0xa2, 0x88, 0x53, 0x07, 0x17, 0xb1,
  0x83, 0xff, 0x00, 0x5b, 0x37, 0xf9, 0x2a, 0xb1, 0xb2, 0x0c, 0x14, 0x89,
  0x54, 0x60, 0x74, 0xcd, 0xdf, 0xf0, 0xa9, 0xc3, 0xad, 0xbe, 0x3b, 0xe3,
  0x3f, 0xd5, 0x92, 0xe4, 0x7e, 0x2b, 0x5c, 0x7a, 0x5b, 0xf7, 0x1c, 0x4c,
  0x08, 0xda, 0x26, 0x97, 0x08, 0x1f, 0x4f, 0x70, 0xed, 0x8d, 0xf2, 0x53,
  0xfc, 0xb5, 0x12, 0xe8, 0xf6, 0x6c, 0x00, 0x7b, 0x85, 0x41, 0x9e, 0xa5,
  0x63, 0x3f, 0xfa, 0xd6, 0x85, 0xed, 0x56, 0x37, 0x2d, 0xc8, 0x99, 0xf1,
  0xc8, 0xa4, 0x8d, 0x21, 0x95, 0x86, 0x6d, 0x22, 0x73, 0xd3, 0x75, 0xcd,
  0x75, 0xa6, 0x65, 0x8b, 0x3e, 0x5e, 0xe0, 0xdb, 0x2d, 0x37, 0x4d, 0xb4,
  0x72, 0xc9, 0xaa, 0x3c, 0x72, 0x74, 0xe6, 0x86, 0x24, 0xc8, 0xf9, 0x28,
  0xab, 0x92, 0x69, 0x3a, 0x76, 0xa3, 0xbc, 0xfa, 0xc5, 0xec, 0x85, 0x7a,
  0x76, 0xb6, 0xea, 0xdf, 0x88, 0xa3, 0x10, 0xe9, 0x90, 0xc6, 0x39, 0xcc,
  0x36, 0xb1, 0x67, 0x7f, 0xa9, 0x57, 0x15, 0x17, 0x2b, 0x81, 0x01, 0xc0,
  0xfb, 0x2b, 0xe1, 0xf3, 0xa2, 0x58, 0xf1, 0xb7, 0xb4, 0x99, 0x5b, 0xaf,
  0x73, 0xe7, 0x6e, 0x27, 0xd3, 0xa3, 0xb1, 0xe2, 0x0b, 0xbb, 0x5b, 0x69,
  0x84, 0xb1, 0xf3, 0xe4, 0x31, 0xc2, 0xe0, 0x1d, 0xf0, 0x7c, 0x8d, 0x50,
  0xbc, 0xb5, 0x52, 0xb1, 0xac, 0x8e, 0xb8, 0x55, 0x2e, 0x42, 0x9f, 0x95,
  0x4b, 0xa9, 0xde, 0xad, 0xd6, 0xb9, 0x7d, 0x72, 0x51, 0x59, 0x25, 0x99,
  0xd8, 0x0d, 0xf1, 0x82, 0x4d, 0x0e, 0xbf, 0xb9, 0x47, 0xf7, 0x8e, 0x58,
  0xfb, 0x28, 0xf0, 0xaa, 0x5d, 0x49, 0xdb, 0x71, 0x4f, 0xe2, 0x9d, 0xd2,
  0x43, 0x99, 0xad, 0x63, 0xc1, 0xe7, 0xcf, 0x44, 0x72, 0x5d, 0x18, 0xed,
  0x64, 0x19, 0xe8, 0x41, 0xde, 0xa8, 0xfb, 0xf8, 0x3d, 0x63, 0x06, 0x92,
  0xe5, 0xb1, 0x0b, 0xef, 0x91, 0x8a, 0xa3, 0x1b, 0x66, 0x9a, 0xc0, 0x96,
  0x99, 0xce, 0xf5, 0xd6, 0xdd, 0xaf, 0xf4, 0x17, 0x82, 0xe5, 0x33, 0x9e,
  0x52, 0x2a, 0xf0, 0x99, 0x1c, 0x03, 0x8d, 0x85, 0x04, 0x88, 0xf8, 0xd5,
  0xe8, 0x84, 0x92, 0x21, 0x38, 0x2a, 0xa3, 0xed, 0x1d, 0x85, 0x6a, 0xc5,
  0x27, 0xc9, 0x77, 0x5f, 0x99, 0x6e, 0x74, 0x9b, 0x58, 0x96, 0x45, 0x4c,
  0x4a, 0x4e, 0x0f, 0x43, 0x81, 0xfe, 0xb4, 0x3f, 0x47, 0x93, 0xdd, 0xae,
  0xe2, 0x62, 0xca, 0x79, 0x48, 0x3d, 0xd6, 0xa9, 0x35, 0xce, 0xce, 0x0b,
  0x3b, 0x15, 0x8c, 0x86, 0xd8, 0x92, 0x18, 0x75, 0xc9, 0xdc, 0xfe, 0x14,
  0x32, 0xd2, 0x62, 0xce, 0x14, 0x24, 0x6a, 0xb9, 0xdc, 0x85, 0xaa, 0xe3,
  0xb9, 0xd0, 0x7c, 0xf8, 0xda, 0xa5, 0xda, 0x3e, 0xd9, 0xe1, 0x2e, 0x17,
  0xb9, 0x3a, 0x2e, 0x9e, 0xf6, 0xf7, 0x1a, 0x7b, 0xdb, 0x3c, 0x4a, 0xe8,
  0xfd, 0xa3, 0x77, 0x81, 0xdf, 0xf5, 0x69, 0xbf, 0x9b, 0x09, 0x3d, 0xcd,
  0xc1, 0x5b, 0x0b, 0xe3, 0x97, 0x63, 0x95, 0x98, 0x80, 0x77, 0x3b, 0x8e,
  0xf5, 0x5c, 0xf6, 0x13, 0x3c, 0x1a, 0xe7, 0xb3, 0x9d, 0x3d, 0x40, 0x6e,
  0xd2, 0xcc, 0xb5, 0xbb, 0x8c, 0xf4, 0x20, 0xe4, 0x78, 0xf4, 0xc1, 0x15,
  0xd2, 0x7f, 0x21, 0x40, 0x7b, 0xc1, 0x5d, 0x48, 0xe9, 0x8d, 0xeb, 0x99,
  0x5f, 0x08, 0xf4, 0xd4, 0xf7, 0x2e, 0x93, 0x2e, 0xbd, 0x6e, 0x6e, 0x4f,
  0x96, 0x99, 0xc9, 0x9b, 0x86, 0x25, 0x4c, 0x93, 0x69, 0xa9, 0x22, 0xf8,
  0x7e, 0x90, 0xdf, 0xe6, 0xa7, 0xa7, 0x0f, 0x5b, 0xf6, 0x5d, 0xa4, 0xb6,
  0x7a, 0xa1, 0xc1, 0xc6, 0x44, 0x92, 0x37, 0xe0, 0xd5, 0xd6, 0x7f, 0x20,
  0xc6, 0xe1, 0x7e, 0x92, 0x71, 0xe8, 0x31, 0x56, 0x2d, 0xf4, 0x48, 0xe0,
  0x04, 0x07, 0x98, 0x82, 0x7c, 0xc6, 0xd5, 0x93, 0xf8, 0x36, 0x0f, 0xdf,
  0x45, 0xfe, 0xbb, 0x2f, 0xb2, 0x3f, 0xff, 0xd9
};
unsigned int coop_portrait_danielle_jpg_len = 3692;

unsigned char coop_portrait_morgan_male_jpg[] = {
  0xff, 0xd8, 0xff, 0xe0, 0x00, 0x10, 0x4a, 0x46, 0x49, 0x46, 0x00, 0x01,
  0x01, 0x00, 0x00, 0x01, 0x00, 0x01, 0x00, 0x00, 0xff, 0xdb, 0x00, 0x43,
  0x00, 0x04, 0x03, 0x03, 0x04, 0x03, 0x03, 0x04, 0x04, 0x04, 0x04, 0x05,
  0x05, 0x04, 0x05, 0x07, 0x0b, 0x07, 0x07, 0x06, 0x06, 0x07, 0x0e, 0x0a,
  0x0a, 0x08, 0x0b, 0x10, 0x0e, 0x11, 0x11, 0x10, 0x0e, 0x10, 0x0f, 0x12,
  0x14, 0x1a, 0x16, 0x12, 0x13, 0x18, 0x13, 0x0f, 0x10, 0x16, 0x1f, 0x17,
  0x18, 0x1b, 0x1b, 0x1d, 0x1d, 0x1d, 0x11, 0x16, 0x20, 0x22, 0x1f, 0x1c,
  0x22, 0x1a, 0x1c, 0x1d, 0x1c, 0xff, 0xdb, 0x00, 0x43, 0x01, 0x05, 0x05,
  0x05, 0x07, 0x06, 0x07, 0x0d, 0x07, 0x07, 0x0d, 0x1c, 0x12, 0x10, 0x12,
  0x1c, 0x1c, 0x1c, 0x1c, 0x1c, 0x1c, 0x1c, 0x1c, 0x1c, 0x1c, 0x1c, 0x1c,
  0x1c, 0x1c, 0x1c, 0x1c, 0x1c, 0x1c, 0x1c, 0x1c, 0x1c, 0x1c, 0x1c, 0x1c,
  0x1c, 0x1c, 0x1c, 0x1c, 0x1c, 0x1c, 0x1c, 0x1c, 0x1c, 0x1c, 0x1c, 0x1c,
  0x1c, 0x1c, 0x1c, 0x1c, 0x1c, 0x1c, 0x1c, 0x1c, 0x1c, 0x1c, 0x1c, 0x1c,
  0x1c, 0x1c, 0xff, 0xc0, 0x00, 0x11, 0x08, 0x00, 0x80, 0x00, 0x80, 0x03,
  0x01, 0x22, 0x00, 0x02, 0x11, 0x01, 0x03, 0x11, 0x01, 0xff, 0xc4, 0x00,
  0x1d, 0x00, 0x00, 0x02, 0x02, 0x03, 0x01, 0x01, 0x01, 0x00, 0x00, 0x00,
  0x00, 0x00, 0x00, 0x00, 0x00, 0x00, 0x04, 0x05, 0x02, 0x03, 0x01, 0x06,
  0x07, 0x08, 0x00, 0x09, 0xff, 0xc4, 0x00, 0x42, 0x10, 0x00, 0x02, 0x01,
  0x03, 0x02, 0x03, 0x05, 0x04, 0x06, 0x06, 0x08, 0x07, 0x00, 0x00, 0x00,
  0x00, 0x01, 0x02, 0x03, 0x00, 0x04, 0x11, 0x05, 0x21, 0x06, 0x12, 0x31,
  0x13, 0x22, 0x41, 0x51, 0x61, 0x07, 0x71, 0x81, 0x91, 0x14, 0x23, 0x32,
  0x42, 0xa1, 0xb1, 0x08, 0x16, 0x24, 0x52, 0xc1, 0xd1, 0x15, 0x25, 0x62,
  0x72, 0x84, 0x93, 0xb2, 0xd2, 0x33, 0x35, 0x43, 0x55, 0x82, 0xc2, 0xf1,
  0xff, 0xc4, 0x00, 0x19, 0x01, 0x00, 0x03, 0x01, 0x01, 0x01, 0x00, 0x00,
  0x00, 0x00, 0x00, 0x00, 0x00, 0x00, 0x00, 0x00, 0x00, 0x01, 0x02, 0x04,
  0x03, 0x00, 0x05, 0xff, 0xc4, 0x00, 0x2a, 0x11, 0x00, 0x02, 0x02, 0x01,
  0x03, 0x01, 0x07, 0x04, 0x03, 0x00, 0x00, 0x00, 0x00, 0x00, 0x00, 0x00,
  0x00, 0x01, 0x02, 0x03, 0x11, 0x04, 0x21, 0x31, 0x12, 0x05, 0x13, 0x41,
  0x51, 0x61, 0x91, 0xb1, 0x14, 0x22, 0x33, 0xc1, 0x42, 0x52, 0x81, 0xff,
  0xda, 0x00, 0x0c, 0x03, 0x01, 0x00, 0x02, 0x11, 0x03, 0x11, 0x00, 0x3f,
  0x00, 0xf1, 0x9a, 0xb8, 0x1e, 0x34, 0x0d, 0xe4, 0xa4, 0x62, 0x30, 0x76,
  0x27, 0x7a, 0x21, 0x2d, 0xe6, 0x71, 0x97, 0x3c, 0x8b, 0xe5, 0xe3, 0x41,
  0x5c, 0xa1, 0x13, 0xe3, 0x39, 0x1d, 0x37, 0xa5, 0x46, 0x8d, 0xec, 0x0c,
  0xe7, 0x0e, 0x3c, 0xb1, 0x46, 0xc2, 0xb9, 0x40, 0x7d, 0xff, 0x00, 0x95,
  0x05, 0x29, 0x0a, 0xc4, 0x79, 0x64, 0x53, 0x1b, 0x25, 0xe6, 0x50, 0xa7,
  0xcc, 0xe3, 0xe5, 0x5c, 0x2a, 0x3e, 0xbb, 0xc9, 0xb7, 0x80, 0x7f, 0x64,
  0x50, 0x00, 0x1e, 0x45, 0xfe, 0xf0, 0xa6, 0x57, 0x29, 0xcc, 0x96, 0x80,
  0x7d, 0xe5, 0xfe, 0x14, 0xbb, 0xfe, 0x98, 0xdf, 0xc4, 0x57, 0x1d, 0xe2,
  0x1f, 0xa3, 0x8f, 0xdb, 0xad, 0xff, 0x00, 0xbf, 0x8a, 0xd9, 0x35, 0xaf,
  0xf9, 0x6c, 0x7e, 0xf8, 0xff, 0x00, 0xd2, 0x6b, 0x5c, 0xd1, 0x9b, 0x37,
  0xd6, 0xe3, 0xfb, 0x62, 0xb6, 0x6d, 0x71, 0x71, 0xa5, 0xc6, 0x7d, 0x63,
  0xff, 0x00, 0x49, 0xa8, 0xed, 0xfc, 0xd1, 0x29, 0xaf, 0xf1, 0x48, 0xd6,
  0xb3, 0x5f, 0x03, 0xd6, 0xb1, 0x58, 0x3d, 0x3d, 0x6a, 0xb2, 0x62, 0x5d,
  0x45, 0x7c, 0x3a, 0x54, 0x41, 0xc0, 0xdf, 0xad, 0x7c, 0x0f, 0x5a, 0xe3,
  0x8b, 0x00, 0xeb, 0x4c, 0x34, 0xe8, 0x0c, 0x90, 0x5e, 0xcb, 0x9f, 0xf8,
  0x71, 0xe3, 0x18, 0xeb, 0x9c, 0xff, 0x00, 0x2a, 0x5e, 0xa7, 0x34, 0xd3,
  0x4d, 0xe6, 0xfa, 0x06, 0xa9, 0x89, 0x55, 0x39, 0x62, 0x56, 0xe5, 0x39,
  0xcb, 0xf7, 0xc2, 0xe0, 0x7c, 0x18, 0x9f, 0x85, 0x24, 0xf8, 0x0c, 0x79,
  0x17, 0x0a, 0xb3, 0x97, 0x6a, 0xaf, 0x38, 0xdc, 0x0a, 0xc8, 0x7a, 0x70,
  0x07, 0x49, 0x03, 0xa9, 0x25, 0x94, 0xfc, 0x45, 0x27, 0xb8, 0x0a, 0x64,
  0x55, 0xcb, 0x2b, 0x82, 0x4b, 0x79, 0x11, 0xe1, 0x4f, 0x2d, 0xb8, 0x8e,
  0xea, 0x45, 0xe5, 0x76, 0x49, 0x54, 0xf5, 0x0e, 0xa0, 0xd2, 0xcd, 0x49,
  0x60, 0x11, 0xc3, 0x32, 0x02, 0xb3, 0x30, 0x90, 0x30, 0x1d, 0x33, 0x9d,
  0xbf, 0x3a, 0x58, 0xb7, 0xc3, 0x35, 0x92, 0x58, 0xca, 0x13, 0x5c, 0x0e,
  0x56, 0x3e, 0xe3, 0x4e, 0x2c, 0xa3, 0x18, 0x8b, 0x70, 0x73, 0xbe, 0xde,
  0xe3, 0x49, 0xa6, 0x7e, 0x73, 0x9c, 0x78, 0x53, 0x5d, 0x2e, 0x63, 0x20,
  0x84, 0x30, 0x24, 0x2b, 0x63, 0x3e, 0x43, 0x06, 0x99, 0xf0, 0x66, 0x8b,
  0x95, 0x56, 0x4f, 0xa2, 0x29, 0xfb, 0xa8, 0x49, 0xfc, 0xa9, 0x63, 0xc6,
  0x56, 0x16, 0xf7, 0xed, 0x4d, 0xec, 0xd4, 0x95, 0x60, 0x7e, 0xd2, 0xab,
  0x26, 0x7e, 0x34, 0x14, 0xf0, 0xe6, 0xda, 0x36, 0xfd, 0xe5, 0xc9, 0xf7,
  0x8a, 0xe4, 0xc3, 0x83, 0x1a, 0x1e, 0xda, 0x95, 0xa8, 0x3f, 0xbe, 0x2b,
  0x72, 0xe2, 0x64, 0x09, 0xa3, 0xda, 0x90, 0x3a, 0x88, 0xc9, 0xf5, 0xd9,
  0xab, 0x51, 0xb1, 0x92, 0x0b, 0x09, 0x21, 0xba, 0x95, 0xc7, 0x2a, 0x3e,
  0x4e, 0x0e, 0x49, 0x02, 0xaf, 0xd5, 0x38, 0xc6, 0x1d, 0x42, 0xc9, 0x6d,
  0x84, 0x12, 0x8e, 0x46, 0x52, 0x19, 0x88, 0xe8, 0x01, 0x18, 0xfc, 0x6a,
  0x5b, 0x2b, 0x94, 0xad, 0x8c, 0x92, 0xd9, 0x1a, 0xc2, 0x51, 0x8d, 0x6d,
  0x36, 0x0c, 0x2b, 0xea, 0x1e, 0xda, 0xf2, 0x3b, 0x97, 0x11, 0xae, 0x43,
  0xb1, 0xc0, 0x53, 0xe3, 0x44, 0x48, 0x0a, 0x92, 0x0e, 0xc4, 0x6c, 0x47,
  0x95, 0x56, 0x4e, 0x44, 0xe0, 0xd6, 0x42, 0xf5, 0xaf, 0x85, 0x4c, 0x6d,
  0x40, 0x24, 0x90, 0x53, 0x3b, 0x28, 0x58, 0xd8, 0x5f, 0xcd, 0x8e, 0xe2,
  0xa2, 0xa7, 0xc4, 0xb0, 0x3f, 0xc2, 0x96, 0xa8, 0xc5, 0x37, 0xb2, 0xed,
  0x3f, 0xa0, 0xb5, 0x42, 0x9c, 0xbc, 0x8a, 0xf1, 0x07, 0x24, 0x8c, 0xee,
  0x4e, 0x30, 0x3e, 0x14, 0x93, 0xe3, 0xdb, 0xe4, 0x68, 0x0a, 0xab, 0x00,
  0x54, 0x80, 0xc8, 0xa8, 0x8f, 0x1a, 0x71, 0x41, 0x63, 0x52, 0x64, 0x01,
  0x33, 0x92, 0x6a, 0x33, 0x90, 0xf3, 0x4a, 0xf9, 0x24, 0x29, 0x01, 0x46,
  0x6a, 0xc2, 0x48, 0x53, 0xca, 0x70, 0x71, 0x54, 0x5a, 0xaf, 0x69, 0xdd,
  0xdb, 0x01, 0x86, 0xc7, 0xf8, 0x57, 0x07, 0xd0, 0xa6, 0x48, 0x59, 0xb2,
  0xc0, 0xee, 0x07, 0xd9, 0x3e, 0x02, 0x8d, 0xd0, 0x27, 0x54, 0x96, 0x4b,
  0x77, 0xd9, 0x9b, 0xec, 0x9f, 0x51, 0x46, 0xdf, 0x40, 0x8f, 0x0a, 0xb2,
  0x8e, 0x59, 0x57, 0x62, 0x47, 0x88, 0xa5, 0x31, 0x5b, 0xbb, 0xdc, 0x03,
  0xf6, 0x58, 0xed, 0x9f, 0x5a, 0xee, 0x51, 0xdc, 0x31, 0xe4, 0x4c, 0x16,
  0xfa, 0x78, 0x48, 0xe5, 0x69, 0x70, 0xcb, 0xe8, 0xc3, 0xa8, 0xaa, 0xda,
  0x1c, 0xc7, 0x2c, 0x78, 0xfb, 0x27, 0x98, 0x7c, 0x7a, 0xfe, 0x35, 0x4b,
  0x73, 0x5c, 0x77, 0x8e, 0x56, 0xe2, 0x23, 0xb1, 0x3d, 0x73, 0x47, 0xc2,
  0xcb, 0x30, 0x49, 0xc0, 0xc0, 0x6e, 0xeb, 0x8f, 0x23, 0xe3, 0x49, 0xc0,
  0xe6, 0x93, 0x72, 0x49, 0x99, 0xd7, 0x39, 0x0a, 0x70, 0x2a, 0x9a, 0x7d,
  0xa7, 0x69, 0xed, 0xdb, 0x5d, 0xcb, 0x2c, 0x05, 0x96, 0x36, 0xe5, 0x28,
  0x46, 0xe3, 0x39, 0xdf, 0x14, 0xd6, 0x1e, 0x09, 0x17, 0xe8, 0x25, 0x86,
  0x53, 0x12, 0x37, 0x81, 0x04, 0x9f, 0x95, 0x19, 0x5d, 0x18, 0xf2, 0x34,
  0x34, 0xd3, 0x9a, 0xcc, 0x4d, 0x34, 0x6d, 0xb8, 0xea, 0x29, 0xe5, 0xa4,
  0xdd, 0xbc, 0x0a, 0xc4, 0xe5, 0x86, 0xc6, 0x8e, 0x6e, 0x02, 0xd4, 0xe7,
  0x49, 0xa5, 0xb0, 0x55, 0xba, 0x8e, 0x2f, 0xb4, 0x01, 0x0a, 0xe3, 0xff,
  0x00, 0x1c, 0xd5, 0x16, 0x3a, 0x45, 0xcd, 0xb6, 0x9c, 0x2e, 0xe4, 0x00,
  0x43, 0x2b, 0xf2, 0x01, 0xbe, 0x41, 0x14, 0x55, 0xb0, 0x97, 0x0c, 0x57,
  0x45, 0x91, 0xe5, 0x12, 0x15, 0x25, 0xac, 0x74, 0xab, 0x60, 0x8d, 0xa6,
  0x70, 0x88, 0x32, 0xcd, 0xd0, 0x51, 0x33, 0x32, 0x06, 0x05, 0x32, 0xb3,
  0x8d, 0x86, 0x93, 0xa8, 0x48, 0x54, 0xf2, 0x13, 0x1a, 0x83, 0xeb, 0x9a,
  0x59, 0x90, 0x32, 0x29, 0xcc, 0x2d, 0x29, 0xe1, 0xab, 0xa2, 0x14, 0x98,
  0xfe, 0x90, 0x8a, 0xee, 0x46, 0xc3, 0x20, 0x90, 0x33, 0xe7, 0xdd, 0x3f,
  0x2a, 0x49, 0xad, 0xbd, 0xbe, 0x46, 0x8f, 0x22, 0x83, 0x9e, 0x82, 0xb0,
  0xa3, 0x19, 0xf3, 0xac, 0xa8, 0xdf, 0xc6, 0xad, 0xc0, 0x1b, 0xd3, 0x00,
  0x53, 0x04, 0x9d, 0xb4, 0xbc, 0xa7, 0xa1, 0x38, 0x15, 0x3b, 0x70, 0x04,
  0xef, 0xe7, 0xe1, 0x42, 0x5b, 0x93, 0xdb, 0x0d, 0xfa, 0xd3, 0x48, 0x2d,
  0xcb, 0xdc, 0x6d, 0xd3, 0xad, 0x13, 0x90, 0xca, 0x14, 0xed, 0xe3, 0x64,
  0xea, 0xd8, 0xda, 0x97, 0x10, 0x63, 0xe7, 0x1c, 0xa3, 0x7d, 0xb7, 0xa7,
  0xf6, 0x56, 0x8c, 0x8e, 0x0d, 0x0b, 0xad, 0x58, 0x9b, 0x5b, 0xd6, 0x3c,
  0xb8, 0x49, 0x17, 0x9d, 0x7e, 0x34, 0xaa, 0x4b, 0x38, 0x1d, 0xad, 0xb2,
  0x28, 0xb4, 0x95, 0x84, 0xa5, 0x9f, 0x25, 0x97, 0x66, 0x1f, 0xbc, 0xbf,
  0xcc, 0x51, 0xa1, 0x8d, 0xa5, 0xc4, 0xd1, 0xe4, 0x14, 0x3e, 0x20, 0xec,
  0x7c, 0x8d, 0x06, 0x61, 0x73, 0x97, 0x8c, 0x65, 0xd3, 0x7d, 0xbc, 0xa9,
  0x91, 0x68, 0xef, 0x2c, 0x61, 0x2c, 0xab, 0x1c, 0x90, 0x27, 0x2f, 0x37,
  0xef, 0xa1, 0xe9, 0xf2, 0x35, 0xd2, 0xd8, 0x08, 0x2a, 0x18, 0x4d, 0xea,
  0x96, 0x57, 0x50, 0x5d, 0x00, 0x65, 0x5f, 0xbc, 0x06, 0x7a, 0xf9, 0xf8,
  0x53, 0x0d, 0x2e, 0xd2, 0x49, 0xaf, 0x92, 0x2c, 0xb8, 0x5e, 0x52, 0xa3,
  0x93, 0x3d, 0xd1, 0x5a, 0xb5, 0xbd, 0xfb, 0x42, 0xbd, 0x9a, 0x06, 0xed,
  0x11, 0xb2, 0x58, 0x74, 0xc5, 0x34, 0xb2, 0x96, 0x39, 0xa4, 0xed, 0x9e,
  0xe2, 0x61, 0xda, 0xe1, 0x48, 0x49, 0x39, 0x7e, 0x1d, 0x3a, 0x54, 0xb6,
  0xc1, 0xee, 0x7a, 0x7a, 0x7b, 0xe2, 0xd2, 0xca, 0xdc, 0xe8, 0xfc, 0x3d,
  0xa1, 0x41, 0x68, 0x5a, 0x52, 0xe3, 0xb1, 0x8b, 0xbe, 0x58, 0x6d, 0xcd,
  0x8f, 0x33, 0x5c, 0xf7, 0x88, 0x2f, 0x2d, 0x5c, 0x1b, 0x7b, 0x59, 0xde,
  0x5f, 0xae, 0x79, 0x24, 0x04, 0x61, 0x63, 0x6c, 0xe0, 0x28, 0xfc, 0x73,
  0x5b, 0x4d, 0xc5, 0xea, 0x58, 0xda, 0x35, 0x8d, 0xbd, 0xcb, 0x4b, 0xb0,
  0x72, 0xc1, 0xb2, 0x71, 0xe3, 0x93, 0xf3, 0xae, 0x70, 0x64, 0xed, 0x5e,
  0x56, 0xdf, 0x3c, 0xe7, 0x9b, 0x3e, 0x79, 0xac, 0xf4, 0x95, 0xb7, 0x27,
  0x39, 0x30, 0xeb, 0xee, 0x4a, 0x0a, 0xb8, 0x23, 0xec, 0x66, 0xa6, 0xbb,
  0x0a, 0x80, 0xda, 0xa4, 0xbe, 0x35, 0xe8, 0x1e, 0x41, 0x2e, 0x50, 0x69,
  0xb5, 0xb6, 0x7f, 0x57, 0xef, 0x41, 0x27, 0x97, 0xe9, 0x31, 0x6d, 0xe1,
  0xf6, 0x5e, 0x94, 0x8a, 0x79, 0xda, 0xf2, 0xf0, 0xba, 0xc7, 0xcb, 0x9e,
  0x6b, 0xac, 0x96, 0xf2, 0xc2, 0xf4, 0xfc, 0x69, 0x26, 0xb2, 0xbd, 0xbe,
  0x46, 0x83, 0xc3, 0x14, 0x05, 0xa9, 0x28, 0x3e, 0x95, 0x81, 0xbf, 0x4c,
  0xd5, 0xa9, 0x44, 0x06, 0xba, 0xd9, 0x89, 0xc1, 0xf1, 0x06, 0xb6, 0xae,
  0x1e, 0xb7, 0xfa, 0x54, 0xd3, 0x21, 0xea, 0x00, 0x22, 0x99, 0x5d, 0xfb,
  0x28, 0xe2, 0x09, 0x65, 0x90, 0xc5, 0x15, 0xb3, 0x29, 0x6c, 0x83, 0xdb,
  0x8a, 0xd9, 0xb8, 0x63, 0xd9, 0xde, 0xb1, 0xa7, 0xdd, 0x19, 0x2e, 0x22,
  0x88, 0x29, 0x4e, 0x5e, 0xec, 0x80, 0xe4, 0xd6, 0x33, 0xd4, 0x57, 0xd3,
  0xb4, 0x91, 0xb4, 0x68, 0xb3, 0x3b, 0xa0, 0x38, 0xb4, 0xc2, 0xa0, 0x63,
  0x6c, 0x55, 0x3c, 0x43, 0x64, 0x66, 0xb0, 0x8a, 0x4c, 0x65, 0xa0, 0x3c,
  0xa4, 0xfa, 0x1a, 0xe9, 0x4b, 0xc1, 0xb7, 0x6c, 0x83, 0x91, 0x13, 0x3e,
  0x45, 0xa9, 0x07, 0x17, 0x69, 0xa9, 0xc2, 0xfa, 0x63, 0xcf, 0xaa, 0xba,
  0xac, 0x53, 0x66, 0x34, 0x54, 0x1c, 0xc5, 0xdb, 0x19, 0xc0, 0xe9, 0xf3,
  0xa9, 0xa1, 0x7a, 0x72, 0x58, 0x36, 0x75, 0x34, 0xb8, 0x39, 0x2b, 0x23,
  0x5b, 0xa8, 0x97, 0x04, 0x60, 0xe4, 0x62, 0xac, 0x92, 0x5b, 0x73, 0x17,
  0x64, 0xae, 0x56, 0x75, 0x94, 0x85, 0xe4, 0x1d, 0xde, 0x43, 0xe0, 0x73,
  0xeb, 0x4b, 0xf5, 0x0d, 0x7a, 0x5b, 0xb3, 0xca, 0xaa, 0xb1, 0xc4, 0xbd,
  0x15, 0x47, 0xe6, 0x69, 0x67, 0x3b, 0x48, 0xc5, 0x89, 0xc6, 0x3e, 0x02,
  0xae, 0xce, 0x79, 0x11, 0x56, 0x97, 0x21, 0x0f, 0x38, 0x8e, 0xd4, 0xc4,
  0xa9, 0xcb, 0x27, 0x36, 0x4b, 0x83, 0xf6, 0x87, 0x85, 0x62, 0xc6, 0xed,
  0xe1, 0x90, 0x83, 0x08, 0x71, 0x8e, 0x61, 0xcd, 0x9f, 0x9d, 0x46, 0xd9,
  0xa1, 0x76, 0x2b, 0x33, 0xb2, 0x82, 0x3c, 0x17, 0x39, 0x3e, 0x15, 0xb2,
  0x68, 0xf6, 0x1a, 0x3b, 0x05, 0x6b, 0xb9, 0xd9, 0x76, 0xdf, 0x1d, 0x45,
  0x2d, 0x96, 0x46, 0x2b, 0x74, 0x2c, 0x6a, 0x9b, 0x7b, 0x00, 0x45, 0x7f,
  0x77, 0x33, 0x3f, 0x64, 0x08, 0x2e, 0x46, 0x55, 0x07, 0x5d, 0xf3, 0xf2,
  0xa7, 0x11, 0x68, 0x8d, 0x6d, 0xa4, 0x6a, 0x7a, 0xa6, 0xa2, 0x56, 0x33,
  0x22, 0x81, 0x0a, 0x74, 0x2e, 0xe5, 0x86, 0x71, 0xf0, 0xcd, 0x32, 0x97,
  0x88, 0xf8, 0x77, 0x44, 0x1f, 0xd5, 0x56, 0x06, 0x69, 0x87, 0xdf, 0x9c,
  0x92, 0x33, 0xee, 0xff, 0x00, 0xe5, 0x6a, 0x7a, 0xc6, 0xb7, 0x73, 0xab,
  0xbb, 0x4d, 0x75, 0x23, 0x33, 0x93, 0xdd, 0x4e, 0x8a, 0xbe, 0xe1, 0xe1,
  0x53, 0xc6, 0xc9, 0xcd, 0xfd, 0xb1, 0xe9, 0x5e, 0xbc, 0x96, 0x2a, 0x23,
  0x15, 0x9b, 0x1e, 0x59, 0x4e, 0x51, 0x8f, 0xd5, 0xbe, 0x7d, 0x0e, 0xc6,
  0xb2, 0x33, 0x9d, 0xc6, 0x29, 0x5e, 0x48, 0xf1, 0xde, 0x8a, 0x8a, 0xef,
  0x03, 0x12, 0x0e, 0x6f, 0x5c, 0xee, 0x2a, 0xa5, 0x2f, 0x32, 0x59, 0x50,
  0x9e, 0xf1, 0x0c, 0x14, 0xe5, 0x5d, 0x8f, 0x0c, 0x08, 0xf9, 0xbb, 0xa2,
  0xf4, 0xb0, 0x1e, 0xbd, 0x98, 0xfe, 0x54, 0x95, 0x18, 0x32, 0x86, 0x53,
  0x95, 0x3d, 0x0d, 0x3c, 0x99, 0x91, 0x38, 0x6e, 0xc9, 0x02, 0x00, 0xf2,
  0x4c, 0xee, 0xcc, 0x0f, 0x5c, 0x6d, 0x42, 0x6b, 0x38, 0xc1, 0x3a, 0xdb,
  0x39, 0x16, 0xa8, 0xc0, 0xa9, 0x72, 0xfc, 0xaa, 0x11, 0x9c, 0xd5, 0xa3,
  0x14, 0x40, 0x83, 0xe3, 0x92, 0x68, 0xc1, 0x0b, 0x71, 0x2a, 0x03, 0xe0,
  0x1c, 0x8a, 0xb5, 0x6e, 0x6e, 0xbc, 0x2f, 0x2e, 0x3f, 0xcc, 0x34, 0x45,
  0xf6, 0x91, 0x71, 0xa7, 0xc2, 0xb2, 0xc8, 0x72, 0x8c, 0x14, 0x8d, 0xba,
  0xe6, 0xb7, 0x5e, 0x16, 0xf6, 0x3f, 0xad, 0xf1, 0x56, 0xab, 0x6b, 0xa7,
  0x5b, 0x5c, 0xda, 0x45, 0x35, 0xcb, 0xf2, 0x2b, 0x4a, 0xcc, 0x00, 0xd8,
  0x9d, 0xf0, 0x0f, 0x95, 0x42, 0xe4, 0xa2, 0xb2, 0xd9, 0xed, 0xab, 0x6b,
  0x66, 0x84, 0x6f, 0x2f, 0x94, 0x9f, 0xdb, 0x2e, 0x7e, 0x12, 0x1a, 0x45,
  0xaf, 0x5f, 0x4f, 0x70, 0x52, 0x29, 0xa6, 0x96, 0x40, 0x9b, 0x8e, 0xd1,
  0x89, 0xc1, 0x35, 0xe8, 0x6d, 0x73, 0xf4, 0x64, 0xe2, 0xbd, 0x06, 0x57,
  0x59, 0xef, 0xf4, 0xc7, 0xe4, 0x1b, 0x95, 0x77, 0xc7, 0xe2, 0xb5, 0xc0,
  0x78, 0xdb, 0x43, 0xb9, 0xd0, 0x35, 0xa9, 0x2d, 0x2e, 0x8a, 0xb4, 0x81,
  0x41, 0xe6, 0x4c, 0xe0, 0xfc, 0xe9, 0xf4, 0xf6, 0x42, 0xc9, 0x62, 0x2c,
  0xc6, 0xfb, 0x12, 0x86, 0x62, 0x6b, 0x87, 0x1b, 0xd4, 0x4b, 0x83, 0x1f,
  0x2e, 0x37, 0x07, 0x39, 0xf4, 0xac, 0x39, 0xc8, 0xf2, 0xc7, 0x95, 0x0c,
  0x49, 0xcd, 0x5a, 0x91, 0x04, 0xad, 0x4c, 0x23, 0xc2, 0xa2, 0x06, 0x3e,
  0xf1, 0xf9, 0xd5, 0x21, 0xb3, 0x56, 0x20, 0x0d, 0xd7, 0x7a, 0xec, 0x60,
  0xe5, 0x35, 0x27, 0xc0, 0x65, 0xa3, 0x42, 0xaf, 0xf5, 0xad, 0xdd, 0xc7,
  0x5e, 0xa6, 0x88, 0x8f, 0xe8, 0xae, 0xc4, 0xc8, 0xe4, 0x0d, 0xf1, 0xcb,
  0xd4, 0xd0, 0x31, 0x40, 0x65, 0x6e, 0x44, 0x5f, 0x79, 0xf0, 0x1e, 0xf3,
  0x53, 0x7b, 0x39, 0x23, 0x90, 0xab, 0x02, 0xb8, 0xf1, 0x1b, 0x8a, 0x47,
  0x1f, 0x53, 0x45, 0x37, 0x94, 0xb0, 0x4a, 0x38, 0xd9, 0xdb, 0x0b, 0xb9,
  0xa9, 0x34, 0x5d, 0xf2, 0x83, 0x70, 0x3a, 0xd3, 0x1b, 0x58, 0x44, 0x31,
  0xc9, 0x2e, 0x33, 0xc8, 0xb9, 0xaa, 0x52, 0x35, 0x3d, 0x73, 0xbf, 0x80,
  0xea, 0x69, 0x72, 0x53, 0x28, 0xe1, 0x24, 0xc2, 0x6d, 0x82, 0x9b, 0x77,
  0x50, 0x09, 0xc0, 0xe6, 0xcf, 0x80, 0x34, 0xd6, 0x40, 0xbf, 0xab, 0xd6,
  0x3d, 0xd5, 0xcf, 0xd2, 0x66, 0xc9, 0x03, 0x73, 0xdd, 0x4e, 0xa6, 0x84,
  0x8a, 0x36, 0x5b, 0x79, 0x1b, 0x01, 0x10, 0x2e, 0x3d, 0x6b, 0x69, 0xbb,
  0xe0, 0xfd, 0x61, 0x74, 0x7d, 0x36, 0xde, 0x1d, 0x32, 0xe6, 0x49, 0x48,
  0x69, 0xdc, 0xa6, 0x18, 0x0e, 0x6c, 0x00, 0x36, 0xe8, 0x70, 0xb5, 0x9c,
  0xac, 0x8c, 0x71, 0xd4, 0xf1, 0xbf, 0xe8, 0xc7, 0x51, 0x5b, 0xce, 0xcb,
  0xc3, 0xf6, 0x6a, 0x23, 0x97, 0xa8, 0xab, 0x03, 0xf2, 0xfa, 0x8a, 0x6f,
  0xfa, 0x95, 0xc4, 0x5c, 0xc3, 0xfa, 0x9a, 0xf3, 0xfc, 0xb3, 0x57, 0x0e,
  0x0a, 0xe2, 0x2f, 0xfb, 0x25, 0xf1, 0xf7, 0x44, 0x68, 0xf7, 0xf5, 0x7f,
  0x65, 0xee, 0x89, 0x3b, 0xb9, 0xf9, 0x1b, 0xa7, 0x13, 0x4f, 0x6a, 0xba,
  0x75, 0xad, 0xbb, 0x05, 0x7b, 0x82, 0x23, 0x45, 0x20, 0xf4, 0xdc, 0x57,
  0xa0, 0x3d, 0x8c, 0x34, 0x17, 0x7c, 0x77, 0xa3, 0x45, 0x11, 0x05, 0xbb,
  0x4e, 0xd3, 0x9b, 0x3b, 0x01, 0xd9, 0xd7, 0x96, 0x74, 0xce, 0x14, 0xe2,
  0x2e, 0x2a, 0xd6, 0x2d, 0xad, 0x2c, 0xae, 0x2c, 0xa5, 0xba, 0x6c, 0xb2,
  0x2c, 0xd2, 0xf6, 0x4b, 0xdd, 0x04, 0xe7, 0x99, 0xc0, 0x1e, 0x1e, 0x75,
  0xd7, 0xb8, 0x53, 0xd9, 0xe7, 0xb6, 0x1e, 0x0a, 0xd4, 0xed, 0xf5, 0x5b,
  0x08, 0xf4, 0x23, 0x2c, 0x6a, 0x42, 0xf6, 0x9a, 0x95, 0xbb, 0x0c, 0x11,
  0x8e, 0x9c, 0xf5, 0x0d, 0xb5, 0xc3, 0xa7, 0x0a, 0x4b, 0x3b, 0x94, 0xa9,
  0xbe, 0x1a, 0x3d, 0xb5, 0xc7, 0x1a, 0x05, 0xbe, 0xab, 0x3b, 0xc7, 0xce,
  0xb9, 0x23, 0xbd, 0x8d, 0xf1, 0xe9, 0x5f, 0x9d, 0xff, 0x00, 0xa5, 0x46,
  0x9d, 0x06, 0x93, 0xed, 0x16, 0x3b, 0x08, 0x73, 0xcd, 0x0d, 0x8c, 0x65,
  0xf2, 0x31, 0xbb, 0x33, 0x11, 0xf8, 0x62, 0xbd, 0x29, 0xa7, 0x71, 0x67,
  0xb7, 0x4b, 0x6b, 0xb8, 0xe3, 0x7b, 0x2e, 0x0f, 0xba, 0x2a, 0x32, 0xd8,
  0xb8, 0x0d, 0xf3, 0x2a, 0xfb, 0xd7, 0x94, 0x7f, 0x48, 0xbd, 0x7f, 0x59,
  0xd7, 0xfd, 0xa7, 0x6a, 0x52, 0xeb, 0xf6, 0xf6, 0x56, 0xfa, 0xa4, 0x11,
  0x43, 0x6f, 0x22, 0x59, 0x67, 0xb3, 0xd9, 0x72, 0x31, 0x92, 0x77, 0xef,
  0x79, 0xd0, 0xd1, 0x57, 0x8b, 0x9b, 0xca, 0xff, 0x00, 0x01, 0x39, 0x35,
  0x0c, 0x1c, 0x8f, 0xb2, 0xe7, 0x8a, 0x46, 0x1f, 0x73, 0x14, 0x23, 0xf8,
  0xd3, 0x9b, 0x74, 0x22, 0x19, 0x17, 0x09, 0xb8, 0xf8, 0x9a, 0x58, 0x17,
  0x91, 0xd8, 0x11, 0x8a, 0xf6, 0x11, 0x28, 0x3a, 0x82, 0x68, 0x98, 0x50,
  0x80, 0x6a, 0xc5, 0x0b, 0x8f, 0x0f, 0x95, 0x4d, 0x71, 0x41, 0xb3, 0x68,
  0x57, 0x87, 0x9c, 0x86, 0x69, 0x36, 0xd2, 0x4b, 0x71, 0xcb, 0x12, 0xb3,
  0xc8, 0x4f, 0x75, 0x54, 0x64, 0xfc, 0xa9, 0xa4, 0xb6, 0xf3, 0xa9, 0x97,
  0xe9, 0x0c, 0x5b, 0x94, 0x72, 0x8c, 0xe4, 0x64, 0x9f, 0x43, 0x83, 0xb6,
  0xf4, 0xa6, 0xd6, 0x63, 0x0b, 0x87, 0x47, 0x65, 0x61, 0xe2, 0xb9, 0x06,
  0x98, 0xc7, 0x20, 0x94, 0x96, 0x76, 0x66, 0x62, 0x72, 0x4b, 0x75, 0x35,
  0x9b, 0x66, 0xd0, 0xa7, 0xaa, 0x5c, 0x84, 0xc7, 0x10, 0xfa, 0x14, 0xc0,
  0x82, 0x49, 0x52, 0x40, 0x1e, 0x94, 0xae, 0x16, 0x68, 0xf7, 0x0a, 0xa8,
  0x3c, 0xdc, 0xe4, 0xd3, 0xf5, 0x88, 0x3d, 0x85, 0xd3, 0x22, 0xbb, 0x04,
  0x85, 0x89, 0xc6, 0xc4, 0x0f, 0x1a, 0xd6, 0x21, 0x2b, 0xcc, 0x79, 0x22,
  0x27, 0x1e, 0x2c, 0x69, 0x63, 0xba, 0x65, 0x77, 0xb4, 0xa4, 0xb0, 0x3a,
  0x12, 0x66, 0xce, 0x41, 0xcc, 0xcd, 0xcc, 0x40, 0xc9, 0xe9, 0x5d, 0xca,
  0xde, 0x05, 0x2a, 0xae, 0x2e, 0xd0, 0x86, 0x45, 0x38, 0x32, 0xdc, 0x8c,
  0x6d, 0xe8, 0xb8, 0xf9, 0x57, 0x1d, 0xe1, 0xad, 0x1e, 0x7e, 0x28, 0xbe,
  0x8f, 0x4b, 0x82, 0x78, 0x62, 0x96, 0x5d, 0xd5, 0xa4, 0xc8, 0x52, 0x46,
  0x76, 0xd8, 0x57, 0x73, 0x8a, 0xc9, 0x6d, 0xe1, 0x8e, 0xdd, 0xc2, 0xb4,
  0x91, 0x28, 0x8d, 0x9b, 0x37, 0x9d, 0x46, 0xc7, 0xd3, 0xc2, 0xbc, 0x8e,
  0xd4, 0x9a, 0x5d, 0x31, 0xf1, 0xdc, 0x15, 0x3e, 0xa9, 0xb9, 0x2e, 0x36,
  0x23, 0x6f, 0x1a, 0x86, 0xde, 0xed, 0x07, 0xf8, 0x9b, 0x81, 0xf9, 0xa5,
  0x34, 0x42, 0x98, 0x20, 0x5e, 0xc6, 0x3f, 0xc6, 0xcd, 0xfe, 0xca, 0x17,
  0xe8, 0x4a, 0xc1, 0x48, 0x95, 0x46, 0x3c, 0x33, 0x77, 0xb7, 0xe1, 0x44,
  0x24, 0xa2, 0xd7, 0xa3, 0x8d, 0xc6, 0x3b, 0xb2, 0x5c, 0xff, 0x00, 0x15,
  0xaf, 0x12, 0x4b, 0x3e, 0x65, 0x29, 0x88, 0xdb, 0x44, 0xd2, 0xe1, 0x03,
  0xeb, 0xee, 0x5d, 0xb1, 0xbe, 0x4a, 0x7f, 0xb6, 0xa9, 0x5d, 0x1a, 0xcd,
  0x80, 0x0f, 0x70, 0xa8, 0x33, 0xd4, 0xac, 0x67, 0xff, 0x00, 0x5a, 0xd8,
  0xde, 0xd5, 0x63, 0x72, 0xdc, 0x88, 0x4f, 0xa8, 0xa8, 0xa2, 0x43, 0x23,
  0x0c, 0xd9, 0xc6, 0xe7, 0xa6, 0xeb, 0x9a, 0xf5, 0xe3, 0x18, 0xb2, 0x67,
  0xd5, 0xe6, 0x21, 0x9a, 0x0d, 0x33, 0x45, 0xb2, 0xbb, 0xbd, 0x4d, 0x4a,
  0x45, 0x92, 0x08, 0x99, 0xfe, 0xa6, 0x28, 0xc1, 0x38, 0x1d, 0x33, 0xca,
  0x3a, 0xd7, 0x9e, 0x6e, 0xae, 0xe4, 0xd5, 0xef, 0xae, 0x2f, 0x2e, 0xe7,
  0xe6, 0x9a, 0x67, 0x2e, 0xcc, 0xc7, 0x24, 0x93, 0x5e, 0x90, 0xe3, 0xbd,
  0x3a, 0x3b, 0x7e, 0x09, 0xd6, 0xe5, 0x10, 0x5b, 0xc6, 0x45, 0xbb, 0x11,
  0xca, 0xb8, 0x3d, 0x45, 0x79, 0x75, 0x41, 0x62, 0x6b, 0xd2, 0xd0, 0xc2,
  0x09, 0x39, 0x44, 0x8f, 0x53, 0x27, 0x94, 0x98, 0xde, 0xce, 0x07, 0x69,
  0x95, 0x15, 0x04, 0x85, 0xba, 0x00, 0x73, 0x9d, 0xa9, 0x5d, 0xe4, 0x91,
  0xcd, 0x22, 0x98, 0xd3, 0x93, 0x08, 0x01, 0x1e, 0xa3, 0xc6, 0xba, 0x8f,
  0xb1, 0x8d, 0x22, 0xca, 0xf3, 0x5e, 0x9a, 0x4b, 0xd8, 0x12, 0x71, 0x0d,
  0xbb, 0x34, 0x68, 0xe4, 0x81, 0xcd, 0x90, 0x33, 0xb7, 0xbc, 0xd7, 0x34,
  0xd5, 0xac, 0xde, 0xc3, 0x50, 0x9a, 0x27, 0x5c, 0x61, 0xd8, 0x0c, 0x74,
  0xd9, 0x88, 0x3f, 0x88, 0xab, 0x54, 0xb3, 0x26, 0x8c, 0x1a, 0xc2, 0xc8,
  0x18, 0x1e, 0xb5, 0x62, 0xfb, 0xea, 0xb0, 0x77, 0x35, 0x6a, 0x57, 0x1b,
  0xac, 0x32, 0xe8, 0xe9, 0x85, 0xb2, 0x92, 0x47, 0xa5, 0x05, 0x10, 0x07,
  0xa5, 0x35, 0xb4, 0x09, 0x0e, 0x5d, 0xfb, 0xcd, 0xe0, 0xb4, 0xac, 0xa6,
  0xa8, 0xac, 0x9d, 0x0b, 0x84, 0xf8, 0x5e, 0x6d, 0x43, 0x83, 0xf8, 0xbf,
  0x55, 0x3c, 0xa2, 0x2b, 0x2b, 0x02, 0xbc, 0xa7, 0x39, 0x62, 0xc7, 0x3b,
  0x7c, 0x16, 0xb9, 0x52, 0xda, 0xcc, 0x62, 0x32, 0x08, 0xdb, 0x97, 0xc9,
  0x8e, 0xff, 0x00, 0x2a, 0xf5, 0x97, 0xb0, 0x9d, 0x2c, 0x6b, 0x1c, 0x0f,
  0x7e, 0x92, 0x40, 0xb2, 0x5b, 0xdd, 0xdc, 0x3c, 0x33, 0xaf, 0x36, 0x39,
  0x97, 0x90, 0x0c, 0x7c, 0x89, 0xaf, 0x39, 0x7b, 0x4d, 0xe1, 0x0b, 0xcf,
  0x67, 0xfc, 0x61, 0x7f, 0xa2, 0xcd, 0x3b, 0x3c, 0x68, 0x44, 0xb0, 0x49,
  0xcd, 0xf6, 0xa2, 0x6d, 0xd4, 0x9f, 0x5f, 0x03, 0xee, 0xa3, 0x5c, 0x12,
  0xcb, 0x44, 0xda, 0xab, 0x5c, 0xac, 0x6b, 0x3b, 0x17, 0xfb, 0x35, 0x9e,
  0x61, 0xc6, 0xba, 0x0a, 0xc4, 0xca, 0xae, 0xf7, 0x71, 0xc7, 0x97, 0xe8,
  0x32, 0xd8, 0xdf, 0xe7, 0x5e, 0xb2, 0xfd, 0x58, 0x49, 0xae, 0xae, 0x0a,
  0xd8, 0x5f, 0x1e, 0xfb, 0x6e, 0xb3, 0x10, 0x0e, 0xfd, 0x47, 0x7a, 0xbc,
  0x61, 0xc3, 0xf7, 0x52, 0x59, 0x5e, 0xdb, 0x5d, 0x83, 0xdf, 0x8a, 0x55,
  0x90, 0x13, 0xe6, 0x0e, 0x7f, 0x85, 0x7e, 0x8d, 0xe9, 0xfa, 0x6d, 0xbe,
  0xa3, 0x61, 0x6b, 0x78, 0x8a, 0xea, 0x27, 0x89, 0x25, 0x18, 0x20, 0xf5,
  0x19, 0xf3, 0xf5, 0xa9, 0x75, 0x7d, 0x9f, 0x5e, 0xa6, 0x4a, 0x53, 0x6d,
  0x35, 0xe4, 0x67, 0x5e, 0xa2, 0x75, 0x2f, 0xb7, 0x07, 0x31, 0x6e, 0x17,
  0x95, 0x32, 0x4d, 0xa6, 0xa4, 0x8b, 0xe1, 0xfb, 0x43, 0x7f, 0xba, 0xa6,
  0x9c, 0x3d, 0x6f, 0xd9, 0x73, 0xcb, 0x67, 0xaa, 0x10, 0x0e, 0x32, 0x24,
  0x91, 0xbf, 0x26, 0xae, 0xb0, 0x34, 0x18, 0xdd, 0x47, 0xd6, 0x4e, 0x3d,
  0x06, 0x28, 0x9b, 0x7d, 0x12, 0x38, 0x01, 0x01, 0xe6, 0x20, 0x9f, 0x31,
  0x51, 0x3e, 0xc6, 0xa1, 0x7f, 0x39, 0x1a, 0x7d, 0x75, 0xaf, 0xc1, 0x1f,
  0xff, 0xd9
};
unsigned int coop_portrait_morgan_male_jpg_len = 3422;

unsigned char coop_portrait_morgan_female_jpg[] = {
  0xff, 0xd8, 0xff, 0xe0, 0x00, 0x10, 0x4a, 0x46, 0x49, 0x46, 0x00, 0x01,
  0x01, 0x00, 0x00, 0x01, 0x00, 0x01, 0x00, 0x00, 0xff, 0xdb, 0x00, 0x43,
  0x00, 0x04, 0x03, 0x03, 0x04, 0x03, 0x03, 0x04, 0x04, 0x04, 0x04, 0x05,
  0x05, 0x04, 0x05, 0x07, 0x0b, 0x07, 0x07, 0x06, 0x06, 0x07, 0x0e, 0x0a,
  0x0a, 0x08, 0x0b, 0x10, 0x0e, 0x11, 0x11, 0x10, 0x0e, 0x10, 0x0f, 0x12,
  0x14, 0x1a, 0x16, 0x12, 0x13, 0x18, 0x13, 0x0f, 0x10, 0x16, 0x1f, 0x17,
  0x18, 0x1b, 0x1b, 0x1d, 0x1d, 0x1d, 0x11, 0x16, 0x20, 0x22, 0x1f, 0x1c,
  0x22, 0x1a, 0x1c, 0x1d, 0x1c, 0xff, 0xdb, 0x00, 0x43, 0x01, 0x05, 0x05,
  0x05, 0x07, 0x06, 0x07, 0x0d, 0x07, 0x07, 0x0d, 0x1c, 0x12, 0x10, 0x12,
  0x1c, 0x1c, 0x1c, 0x1c, 0x1c, 0x1c, 0x1c, 0x1c, 0x1c, 0x1c, 0x1c, 0x1c,
  0x1c, 0x1c, 0x1c, 0x1c, 0x1c, 0x1c, 0x1c, 0x1c, 0x1c, 0x1c, 0x1c, 0x1c,
  0x1c, 0x1c, 0x1c, 0x1c, 0x1c, 0x1c, 0x1c, 0x1c, 0x1c, 0x1c, 0x1c, 0x1c,
  0x1c, 0x1c, 0x1c, 0x1c, 0x1c, 0x1c, 0x1c, 0x1c, 0x1c, 0x1c, 0x1c, 0x1c,
  0x1c, 0x1c, 0xff, 0xc0, 0x00, 0x11, 0x08, 0x00, 0x80, 0x00, 0x80, 0x03,
  0x01, 0x22, 0x00, 0x02, 0x11, 0x01, 0x03, 0x11, 0x01, 0xff, 0xc4, 0x00,
  0x1c, 0x00, 0x00, 0x01, 0x05, 0x01, 0x01, 0x01, 0x00, 0x00, 0x00, 0x00,
  0x00, 0x00, 0x00, 0x00, 0x00, 0x00, 0x05, 0x02, 0x03, 0x04, 0x06, 0x07,
  0x01, 0x00, 0x08, 0xff, 0xc4, 0x00, 0x45, 0x10, 0x00, 0x02, 0x01, 0x03,
  0x02, 0x03, 0x04, 0x06, 0x06, 0x06, 0x06, 0x0b, 0x00, 0x00, 0x00, 0x00,
  0x01, 0x02, 0x03, 0x00, 0x04, 0x11, 0x05, 0x21, 0x06, 0x12, 0x31, 0x13,
  0x22, 0x41, 0x51, 0x07, 0x14, 0x61, 0x71, 0x81, 0x91, 0x15, 0x32, 0x42,
  0x52, 0xa1, 0xb1, 0x08, 0x16, 0x23, 0x24, 0xc1, 0xd1, 0x25, 0x62, 0x72,
  0xb2, 0xd2, 0xe1, 0x33, 0x35, 0x43, 0x63, 0x73, 0x74, 0x84, 0x93, 0xa2,
  0xc2, 0xd3, 0xff, 0xc4, 0x00, 0x19, 0x01, 0x00, 0x02, 0x03, 0x01, 0x00,
  0x00, 0x00, 0x00, 0x00, 0x00, 0x00, 0x00, 0x00, 0x00, 0x00, 0x00, 0x02,
  0x04, 0x00, 0x01, 0x03, 0x05, 0xff, 0xc4, 0x00, 0x2c, 0x11, 0x00, 0x02,
  0x02, 0x01, 0x03, 0x02, 0x04, 0x04, 0x07, 0x00, 0x00, 0x00, 0x00, 0x00,
  0x00, 0x00, 0x00, 0x01, 0x02, 0x11, 0x03, 0x04, 0x12, 0x31, 0x21, 0x51,
  0x13, 0x33, 0x41, 0x91, 0x05, 0x22, 0x32, 0xb1, 0x14, 0x23, 0x42, 0x52,
  0x71, 0xc1, 0xf0, 0xff, 0xda, 0x00, 0x0c, 0x03, 0x01, 0x00, 0x02, 0x11,
  0x03, 0x11, 0x00, 0x3f, 0x00, 0xf8, 0xcd, 0x5c, 0x03, 0xd6, 0xa0, 0xde,
  0x4a, 0x46, 0x23, 0x1d, 0x0f, 0x5a, 0x7d, 0x2d, 0xe6, 0x71, 0x97, 0x21,
  0x17, 0xcb, 0xc6, 0xa1, 0xdc, 0xa1, 0x13, 0xe3, 0xa8, 0xe9, 0xbd, 0x09,
  0xa3, 0x23, 0x39, 0xc3, 0x8f, 0x75, 0x4d, 0x85, 0x72, 0x80, 0xfb, 0xff,
  0x00, 0x2a, 0x85, 0x29, 0x0a, 0xc4, 0x79, 0x64, 0x51, 0x1b, 0x25, 0xca,
  0x85, 0x3e, 0x67, 0x1f, 0x2a, 0x80, 0xa3, 0xd7, 0x79, 0x36, 0xf0, 0x0f,
  0xea, 0x8a, 0x80, 0x01, 0xe4, 0x1f, 0xda, 0x14, 0x4a, 0xe5, 0x39, 0x92,
  0xd0, 0x0f, 0xb4, 0xbf, 0xc2, 0x87, 0x7f, 0xb3, 0x1e, 0xf1, 0x51, 0x13,
  0xd4, 0x9f, 0xa3, 0x8f, 0xdf, 0xad, 0xff, 0x00, 0xb7, 0x56, 0x3d, 0x67,
  0x6d, 0x3a, 0x3f, 0x7c, 0x7f, 0xdd, 0x35, 0x5c, 0xd1, 0x9b, 0x37, 0xd6,
  0xe3, 0xfa, 0xe2, 0xac, 0xda, 0xda, 0xe3, 0x4c, 0x8c, 0xfb, 0x63, 0xfe,
  0xe9, 0xa4, 0xf2, 0xf9, 0xd1, 0x19, 0xc7, 0xe5, 0x48, 0xad, 0xe6, 0xb8,
  0x0f, 0x5a, 0xf5, 0x24, 0xf4, 0xa6, 0xc5, 0x85, 0xe7, 0x22, 0xbc, 0x3a,
  0x52, 0x41, 0xc0, 0xde, 0xbc, 0x0f, 0x5a, 0x84, 0x1c, 0x03, 0xad, 0x10,
  0xd3, 0xa0, 0x32, 0x41, 0x7b, 0x2e, 0x7f, 0xd1, 0xc7, 0x8c, 0x63, 0xae,
  0x73, 0xfc, 0xa8, 0x7a, 0x9a, 0x29, 0xa6, 0xf3, 0x7a, 0x86, 0xa9, 0x89,
  0x55, 0x39, 0x62, 0x56, 0xe5, 0x3d, 0x5f, 0xbe, 0x17, 0x03, 0xe0, 0xc4,
  0xfc, 0x28, 0x27, 0xc1, 0x71, 0xe4, 0x1c, 0x29, 0xce, 0x5c, 0x0a, 0x6f,
  0x38, 0xf0, 0xae, 0xf3, 0x51, 0x94, 0x4e, 0x92, 0x07, 0x5c, 0x96, 0x53,
  0x9f, 0x1c, 0x8a, 0x0f, 0x70, 0x14, 0xc8, 0xab, 0x96, 0x57, 0x04, 0x96,
  0xf2, 0x23, 0xc2, 0x8d, 0xdb, 0xf1, 0x1d, 0xd4, 0x8b, 0xca, 0xec, 0x92,
  0xaf, 0x93, 0xa8, 0x34, 0x37, 0x52, 0x58, 0x02, 0x43, 0x32, 0x02, 0xb3,
  0x30, 0x90, 0x30, 0x1d, 0x33, 0x9d, 0xbf, 0x3a, 0x18, 0xb7, 0xc3, 0x35,
  0x92, 0x55, 0x68, 0x0d, 0x70, 0x39, 0x58, 0xfb, 0x8d, 0x18, 0xb2, 0x8c,
  0x62, 0x1d, 0xc1, 0xce, 0xfb, 0x7b, 0x8d, 0x06, 0x99, 0xf9, 0xce, 0x71,
  0xe1, 0x45, 0x74, 0xb9, 0x8c, 0x82, 0x15, 0x20, 0x90, 0xad, 0x8c, 0xf9,
  0x0c, 0x1a, 0x27, 0xc1, 0x9a, 0x1e, 0x55, 0x59, 0x3d, 0x51, 0x7e, 0xea,
  0x12, 0x7f, 0x2a, 0x18, 0xf1, 0x95, 0x85, 0xbd, 0xfb, 0x51, 0x6b, 0x35,
  0x25, 0x58, 0x1f, 0xac, 0xaa, 0xc9, 0x9f, 0x8e, 0x6a, 0x1c, 0xf0, 0xe6,
  0xda, 0x36, 0xfb, 0xcb, 0x9f, 0x88, 0xa8, 0x99, 0x74, 0x73, 0x43, 0xdb,
  0x52, 0xb5, 0x07, 0xef, 0x8a, 0xb9, 0x71, 0x32, 0x04, 0xd1, 0xed, 0x48,
  0x1d, 0x44, 0x64, 0xfb, 0x76, 0x6a, 0xac, 0x68, 0xb0, 0x28, 0xbd, 0xb6,
  0x7c, 0x82, 0x7b, 0x50, 0x36, 0x35, 0x63, 0xe2, 0x16, 0x27, 0x45, 0x8c,
  0xb3, 0x6c, 0xaf, 0x18, 0x19, 0xf0, 0x1c, 0xa6, 0x93, 0xcd, 0xe7, 0xc4,
  0xdf, 0x1f, 0x95, 0x22, 0xa6, 0x31, 0xe3, 0x5c, 0xa4, 0xac, 0x88, 0x7e,
  0xda, 0xfc, 0xe9, 0x4c, 0x69, 0xd1, 0x63, 0x87, 0x7a, 0xe8, 0x5e, 0xb5,
  0xe1, 0x4b, 0x1b, 0x55, 0x10, 0x52, 0x0a, 0x27, 0x65, 0x0b, 0x1b, 0x0b,
  0xf9, 0xbe, 0xc2, 0xa2, 0xa7, 0xc4, 0xb0, 0x3f, 0xc2, 0x86, 0xa8, 0xc5,
  0x17, 0xb2, 0xed, 0x3e, 0x83, 0xd5, 0x0a, 0x72, 0xf2, 0x2b, 0x44, 0x1c,
  0x92, 0x33, 0xb9, 0x38, 0xc0, 0xf8, 0x50, 0x4f, 0x8f, 0x6f, 0xb8, 0x50,
  0xe4, 0x15, 0x5c, 0x03, 0x7c, 0xd2, 0x80, 0xc8, 0xa4, 0x8f, 0x11, 0x46,
  0x09, 0x12, 0x35, 0x26, 0x40, 0x23, 0xea, 0x4d, 0x72, 0x72, 0x1e, 0x69,
  0x5f, 0x24, 0x85, 0x20, 0x28, 0xcd, 0x38, 0x49, 0x0a, 0x79, 0x4e, 0x0e,
  0x3e, 0x54, 0xc5, 0xaa, 0x99, 0x3b, 0xbb, 0x00, 0x18, 0x6c, 0x6a, 0x51,
  0x63, 0x32, 0xc2, 0xcd, 0x96, 0x07, 0x70, 0x3e, 0xa9, 0xf0, 0x15, 0x33,
  0x41, 0x9d, 0x52, 0x59, 0x2d, 0xdf, 0x66, 0x6d, 0xd4, 0xfb, 0x45, 0x4e,
  0xbe, 0x81, 0x1e, 0x15, 0x65, 0x1c, 0xb2, 0xae, 0xc4, 0x8f, 0x11, 0x42,
  0x62, 0xb7, 0x77, 0xb8, 0x07, 0xea, 0xb1, 0xdb, 0x3e, 0xda, 0x9c, 0xa2,
  0x70, 0xc3, 0x91, 0x37, 0x2d, 0xf4, 0xf0, 0x91, 0xca, 0xd2, 0xe1, 0x97,
  0xd8, 0xc3, 0xa8, 0xa6, 0xda, 0x1c, 0xc7, 0x2c, 0x78, 0xfa, 0xa7, 0x98,
  0x7b, 0x8f, 0x5a, 0x65, 0xb9, 0xae, 0x3b, 0xc7, 0x2b, 0x71, 0x11, 0xd8,
  0x9e, 0xb9, 0xa9, 0xf0, 0xb2, 0xcc, 0x12, 0x70, 0x30, 0x1b, 0xba, 0xe3,
  0xc8, 0xf8, 0xd0, 0x70, 0x10, 0x16, 0xc6, 0xed, 0x74, 0xcb, 0xa5, 0x96,
  0x50, 0x4a, 0x44, 0xc0, 0xe0, 0x75, 0x38, 0x34, 0x37, 0x54, 0xd6, 0x2e,
  0x35, 0x49, 0x8b, 0x4a, 0xe4, 0x46, 0x00, 0x0b, 0x18, 0x3d, 0xd0, 0x06,
  0xdd, 0x3c, 0xea, 0x6f, 0x10, 0x40, 0x61, 0x94, 0x2e, 0x3e, 0xb9, 0xc8,
  0xa5, 0xdf, 0xe8, 0xc0, 0xaa, 0xad, 0xb8, 0x02, 0x48, 0xc6, 0x08, 0x3e,
  0x35, 0x7f, 0x2a, 0x92, 0x93, 0xe4, 0xb4, 0xa5, 0x28, 0xb4, 0x8a, 0xfd,
  0x11, 0xd3, 0xee, 0x98, 0xb0, 0x89, 0xce, 0x73, 0xd0, 0xff, 0x00, 0x0a,
  0x21, 0x6b, 0xa0, 0xc9, 0x7f, 0x6a, 0x55, 0xd1, 0xa2, 0xba, 0x8c, 0x61,
  0x5b, 0x1d, 0xd7, 0x1e, 0xda, 0x15, 0x3d, 0x95, 0xce, 0x99, 0x76, 0x91,
  0xdc, 0x44, 0xf1, 0xc8, 0x30, 0xc0, 0x11, 0xd4, 0x79, 0x8a, 0x25, 0x35,
  0x2e, 0x80, 0xcb, 0x14, 0xa2, 0xad, 0xae, 0x81, 0x91, 0x4b, 0x5a, 0x4f,
  0x4a, 0x5a, 0x0c, 0xd4, 0x04, 0x70, 0x0c, 0x0a, 0x23, 0x65, 0x1b, 0x7d,
  0x13, 0xa8, 0x48, 0x47, 0x70, 0x98, 0xd4, 0x37, 0xb7, 0x3f, 0xe7, 0x43,
  0x01, 0x1b, 0xd1, 0xb8, 0xdd, 0x8f, 0x0d, 0x5c, 0xf6, 0x70, 0xf2, 0xc4,
  0x27, 0x8d, 0x1d, 0x87, 0x4c, 0x95, 0x24, 0x6f, 0xe6, 0x79, 0x4d, 0x04,
  0xd7, 0x4f, 0x6f, 0xb8, 0x51, 0x7d, 0x40, 0xe7, 0x39, 0xc0, 0xae, 0x01,
  0x80, 0x7c, 0xeb, 0xaa, 0x37, 0xcd, 0x39, 0x80, 0x37, 0xa2, 0x28, 0x15,
  0x04, 0x9d, 0xb4, 0xbc, 0xa7, 0xa1, 0x38, 0xa5, 0xdb, 0x80, 0x27, 0x7f,
  0x3f, 0x0a, 0x89, 0x6e, 0x4f, 0x6c, 0x37, 0xeb, 0xe3, 0x45, 0x20, 0xb7,
  0x2f, 0x71, 0xb7, 0x4e, 0xb5, 0x64, 0x41, 0x28, 0x53, 0xb7, 0x89, 0x93,
  0x19, 0x6c, 0x6d, 0x43, 0x88, 0x31, 0xf3, 0x8e, 0x51, 0xbe, 0xdb, 0xd1,
  0xfb, 0x2b, 0x46, 0x46, 0x07, 0x15, 0x17, 0x59, 0xb1, 0x36, 0xb7, 0xac,
  0x79, 0x70, 0x92, 0xaf, 0x3a, 0xfc, 0x68, 0x54, 0x95, 0xd0, 0x6d, 0x74,
  0xb0, 0x3d, 0xa4, 0xac, 0x25, 0x2c, 0xf9, 0x2c, 0xbb, 0x30, 0xfb, 0xcb,
  0xfc, 0xc5, 0x4e, 0xe6, 0x36, 0x97, 0x13, 0x47, 0x90, 0x50, 0xf8, 0x83,
  0xb1, 0xf2, 0x35, 0x0c, 0xc2, 0xe7, 0x2f, 0x18, 0xcb, 0xa7, 0x7b, 0x6f,
  0x2f, 0x1a, 0x24, 0x5a, 0x3b, 0xcb, 0x28, 0x4b, 0xaa, 0xc7, 0x24, 0x09,
  0xcb, 0xcd, 0xf7, 0xd0, 0xf4, 0xf9, 0x1a, 0x8f, 0xa1, 0x48, 0x1b, 0xab,
  0xa9, 0xb9, 0xb5, 0x8a, 0x46, 0xc6, 0x63, 0x6d, 0x8f, 0x98, 0xa2, 0x46,
  0xe2, 0x78, 0xa4, 0x75, 0xe7, 0x38, 0x3b, 0x14, 0xc6, 0xd4, 0xc5, 0xac,
  0x62, 0xea, 0xc2, 0xe2, 0x22, 0x09, 0x64, 0x20, 0x80, 0x37, 0x35, 0x32,
  0x58, 0x8f, 0x6c, 0x1a, 0x42, 0x63, 0x2c, 0x03, 0x02, 0x06, 0x4f, 0xb2,
  0xb1, 0xc8, 0xd7, 0x03, 0x3a, 0x75, 0xc8, 0x5a, 0xda, 0x6b, 0x9f, 0xa3,
  0x2d, 0x23, 0x86, 0x46, 0x8f, 0x2e, 0x4b, 0x76, 0x7b, 0x33, 0x79, 0x6f,
  0xe5, 0x41, 0xb8, 0xee, 0x29, 0xdf, 0x53, 0xb4, 0x6b, 0x85, 0x32, 0x72,
  0xdb, 0x28, 0x04, 0x8f, 0x36, 0x38, 0x35, 0x72, 0xd0, 0xec, 0x9a, 0xe0,
  0xa1, 0x95, 0xa6, 0x97, 0x94, 0x61, 0x39, 0x82, 0x80, 0xbf, 0x00, 0x4d,
  0x55, 0x78, 0xe2, 0xe7, 0xd6, 0xb8, 0x92, 0x58, 0xb2, 0x40, 0xb4, 0x45,
  0x89, 0x97, 0xa7, 0x78, 0x0c, 0xfe, 0x19, 0xac, 0x30, 0x3b, 0xcb, 0x48,
  0x6f, 0x54, 0x94, 0x70, 0xdb, 0xf5, 0xa0, 0x00, 0x14, 0xb5, 0xe9, 0xed,
  0xa4, 0x8d, 0xa9, 0x4b, 0xe3, 0x4f, 0x9c, 0x81, 0x5c, 0xb9, 0xa2, 0xd6,
  0xd9, 0xfa, 0x02, 0xf4, 0x12, 0x79, 0x7d, 0x66, 0x2d, 0xbc, 0x3e, 0xab,
  0xd0, 0x90, 0x0a, 0x92, 0x0f, 0x5a, 0x37, 0xda, 0xf2, 0xf0, 0xc2, 0xc7,
  0xcb, 0x90, 0xd7, 0x59, 0x2d, 0xe5, 0x85, 0xe9, 0xf8, 0xd0, 0x4d, 0x5a,
  0xf6, 0xfb, 0x85, 0x17, 0x4c, 0x10, 0x16, 0x96, 0xa0, 0xd2, 0x46, 0xfd,
  0x33, 0x4e, 0xa5, 0x59, 0x45, 0x79, 0xb3, 0x13, 0x83, 0xe2, 0x0d, 0x5a,
  0x78, 0x7a, 0xdf, 0xd6, 0xa6, 0x99, 0x0f, 0x50, 0x01, 0x14, 0x4e, 0xef,
  0xd1, 0x4f, 0x10, 0x4b, 0x2c, 0x86, 0x28, 0xad, 0x99, 0x4b, 0x64, 0x1e,
  0xdc, 0x55, 0x97, 0x85, 0xfd, 0x1e, 0x6b, 0x1a, 0x7d, 0xd9, 0x92, 0x78,
  0xa2, 0x0a, 0x53, 0x97, 0xbb, 0x20, 0x39, 0xac, 0x65, 0xa8, 0xc7, 0xb7,
  0xa4, 0x91, 0xb4, 0x70, 0xce, 0xfa, 0xa2, 0x24, 0x5a, 0x61, 0x50, 0x31,
  0xb6, 0x29, 0x9e, 0x21, 0xb2, 0x33, 0xe9, 0xf1, 0x49, 0x8c, 0xb4, 0x07,
  0x94, 0x9f, 0x61, 0xad, 0x29, 0x78, 0x36, 0xed, 0x90, 0x72, 0x22, 0x67,
  0xc8, 0xb5, 0x37, 0x3f, 0x01, 0xea, 0x12, 0xc5, 0x24, 0x6c, 0x81, 0x95,
  0xd7, 0x04, 0x27, 0x7b, 0xf9, 0x52, 0xb1, 0xd4, 0x46, 0xee, 0xcd, 0x9e,
  0x27, 0x5c, 0x18, 0x53, 0x23, 0x5b, 0xa0, 0x9b, 0x71, 0x83, 0x9a, 0x93,
  0x3c, 0x71, 0x0d, 0x39, 0xa6, 0x07, 0xbd, 0x1c, 0xa3, 0x95, 0x57, 0xa3,
  0x44, 0xd9, 0xf1, 0xf7, 0x8a, 0xd3, 0xee, 0xfd, 0x1a, 0xea, 0xe6, 0xd5,
  0xd5, 0x34, 0x79, 0x26, 0x75, 0xc9, 0x0c, 0xd2, 0xc7, 0x12, 0x81, 0xed,
  0x24, 0xd6, 0x55, 0xaa, 0xdc, 0x9d, 0x3e, 0x5b, 0xbb, 0x09, 0xcc, 0x2c,
  0xc9, 0x84, 0xc5, 0xbc, 0x82, 0x44, 0x5c, 0x31, 0x3b, 0x30, 0x38, 0x3d,
  0x4d, 0x37, 0x1c, 0x8b, 0x27, 0x06, 0x3e, 0x1b, 0x5e, 0x82, 0x34, 0x31,
  0x71, 0xeb, 0x68, 0xd6, 0xfd, 0x9f, 0x34, 0x92, 0xaa, 0x28, 0x73, 0xb1,
  0x24, 0xf9, 0x78, 0xf4, 0xa9, 0xde, 0xb9, 0x0d, 0xb6, 0xa1, 0x2d, 0xa4,
  0xf2, 0x8b, 0xa8, 0xd0, 0xaa, 0xb7, 0x37, 0x74, 0xf4, 0x1d, 0x3c, 0xb1,
  0xd2, 0xab, 0xd6, 0xf3, 0x3b, 0x37, 0xec, 0x55, 0x84, 0x88, 0xc1, 0xd0,
  0xa1, 0xdc, 0x11, 0xe3, 0x9f, 0x95, 0x30, 0xf6, 0x73, 0xde, 0x4e, 0xee,
  0x03, 0xbb, 0xb9, 0xe6, 0x2d, 0x8c, 0xe4, 0x9a, 0x29, 0x41, 0x49, 0xdb,
  0x2e, 0x32, 0x96, 0x36, 0x6d, 0xb6, 0x1a, 0xe6, 0x93, 0xa5, 0xd8, 0x09,
  0x2d, 0xa2, 0x8e, 0xdb, 0x0b, 0xbc, 0x8e, 0x77, 0x1e, 0xef, 0x6d, 0x65,
  0xb7, 0xa9, 0x26, 0xa5, 0xaa, 0xdf, 0x5e, 0x06, 0x2e, 0xb7, 0x04, 0xca,
  0xa4, 0xf5, 0x3d, 0x0e, 0x3e, 0x00, 0x8f, 0x95, 0x44, 0xb4, 0xe1, 0xad,
  0x56, 0xf1, 0xe3, 0x8c, 0xc5, 0x27, 0x7b, 0x60, 0x37, 0x35, 0xa4, 0x69,
  0x5c, 0x24, 0x38, 0x46, 0xd2, 0x6d, 0x6f, 0x5e, 0x99, 0xa0, 0x8e, 0xd2,
  0x07, 0xf5, 0x78, 0x58, 0x77, 0xa4, 0x90, 0xa9, 0x08, 0x80, 0x79, 0x12,
  0x77, 0xcf, 0x80, 0xa5, 0x53, 0xc7, 0xa6, 0x6d, 0xb9, 0x5b, 0x63, 0x32,
  0x94, 0xf5, 0x49, 0x24, 0xa9, 0x23, 0x33, 0xcd, 0x75, 0x7a, 0xd2, 0x23,
  0xba, 0x8a, 0x53, 0x89, 0x17, 0xb3, 0x6f, 0xbc, 0xbd, 0x3e, 0x54, 0xeb,
  0x27, 0x2e, 0x08, 0x60, 0xca, 0x7e, 0xd2, 0xf4, 0xa7, 0x93, 0xb1, 0x19,
  0xe2, 0x94, 0x79, 0x3a, 0x33, 0x46, 0x55, 0xd8, 0xf0, 0xc0, 0x8f, 0x9b,
  0xba, 0x2f, 0x4b, 0x01, 0xed, 0xec, 0xff, 0x00, 0xca, 0x82, 0x8a, 0x39,
  0x33, 0x22, 0x70, 0xdd, 0x92, 0x2a, 0x80, 0xf2, 0x4c, 0xee, 0xcd, 0xe7,
  0x8c, 0x8a, 0x09, 0xab, 0xaf, 0xe4, 0x18, 0xba, 0xb0, 0x62, 0x8c, 0x52,
  0xf1, 0xf2, 0xa4, 0x21, 0xcd, 0x3a, 0x08, 0x1b, 0x78, 0x55, 0x91, 0x13,
  0xe3, 0x92, 0x68, 0xc1, 0x09, 0x71, 0x2a, 0x03, 0xe0, 0x1c, 0x8a, 0x75,
  0x6e, 0x6e, 0xbc, 0x2f, 0x2e, 0x3f, 0xee, 0x1a, 0x91, 0x7d, 0xa4, 0x5c,
  0x69, 0xf0, 0xac, 0xb2, 0x6e, 0xac, 0x14, 0x8d, 0xba, 0xe6, 0xae, 0xbc,
  0x2d, 0xe8, 0x7f, 0x5a, 0xe2, 0xad, 0x56, 0xd7, 0x4e, 0xb6, 0xb9, 0xb4,
  0x8a, 0x5b, 0x97, 0xe4, 0x56, 0x95, 0x98, 0x01, 0xb1, 0x3b, 0xe0, 0x1f,
  0x2a, 0x46, 0x52, 0x51, 0x56, 0xd9, 0xdb, 0x59, 0x71, 0xb2, 0x87, 0xeb,
  0x97, 0xca, 0x4f, 0xef, 0x97, 0x3f, 0x09, 0x0d, 0x28, 0x6a, 0x17, 0xe0,
  0xe4, 0x5e, 0xdd, 0x82, 0x3f, 0xde, 0xb5, 0x6c, 0xfa, 0xdf, 0xe8, 0xc9,
  0xc5, 0x5a, 0x0c, 0xae, 0x93, 0xdf, 0xe9, 0x8d, 0xc8, 0x37, 0x2a, 0xef,
  0x8f, 0xc5, 0x6b, 0x3e, 0xbe, 0xe0, 0x1d, 0x62, 0xc9, 0xd8, 0x11, 0x0c,
  0x80, 0x13, 0x92, 0xa7, 0x6f, 0xc4, 0x50, 0xc7, 0x2c, 0x25, 0xf4, 0xb2,
  0xf7, 0xc3, 0xb9, 0x52, 0xd6, 0x38, 0x8b, 0x57, 0xf5, 0x19, 0x21, 0x7d,
  0x4e, 0xf1, 0x92, 0x61, 0xc8, 0xca, 0xd3, 0x31, 0x04, 0x78, 0xd5, 0x2c,
  0x02, 0x7a, 0x55, 0xa7, 0x8b, 0xb4, 0xeb, 0x9d, 0x39, 0x6d, 0xc4, 0xe0,
  0x02, 0xc4, 0xe3, 0x15, 0x59, 0x31, 0x32, 0xc3, 0xda, 0x6d, 0x8f, 0x1d,
  0xe9, 0xcc, 0x4b, 0xe5, 0xb1, 0x2c, 0xb9, 0x23, 0xbd, 0xa4, 0x20, 0x6c,
  0x32, 0x6a, 0xd1, 0xc3, 0x7c, 0x7b, 0x73, 0xc3, 0xb3, 0xa3, 0x7d, 0x1d,
  0x67, 0x76, 0xab, 0xd4, 0x48, 0x9c, 0xa5, 0xb6, 0xc6, 0x09, 0x1d, 0x6a,
  0xa5, 0xcc, 0x72, 0x7c, 0xab, 0xc1, 0xbd, 0x94, 0x59, 0x31, 0x47, 0x24,
  0x76, 0xcd, 0x5a, 0x33, 0x8e, 0x7d, 0xae, 0xe2, 0xe9, 0x9b, 0x24, 0xff,
  0x00, 0xa4, 0x1e, 0xa2, 0x6d, 0xbb, 0x2b, 0x2e, 0x1e, 0xd3, 0x2c, 0xe4,
  0xe9, 0xda, 0x2f, 0x33, 0x63, 0xe1, 0xb5, 0x67, 0x5a, 0xd7, 0x12, 0x6a,
  0x7c, 0x47, 0x74, 0x6e, 0x75, 0x4b, 0xd9, 0x6e, 0x5f, 0x39, 0x55, 0x27,
  0x08, 0xbe, 0xe5, 0x1b, 0x0a, 0x04, 0x09, 0x39, 0xc6, 0x2a, 0x6d, 0x95,
  0xeb, 0xda, 0xc7, 0x28, 0x10, 0xc6, 0xe1, 0xb1, 0x96, 0x61, 0x92, 0xbe,
  0xea, 0x5f, 0x16, 0x8b, 0x0e, 0x1e, 0xb8, 0xa3, 0x4f, 0xfd, 0xdc, 0x3f,
  0x1e, 0x4f, 0xeb, 0x76, 0x72, 0x18, 0x4c, 0xa1, 0x88, 0x1d, 0x2a, 0x75,
  0xa5, 0xba, 0xbc, 0xce, 0x80, 0x90, 0x80, 0x11, 0xf1, 0xaf, 0x43, 0x7b,
  0xda, 0xc5, 0x3c, 0xb2, 0x22, 0xac, 0x83, 0x7c, 0x8e, 0x8c, 0x73, 0x5d,
  0xb1, 0xdd, 0x97, 0x98, 0xf2, 0xa7, 0x30, 0xdb, 0xc5, 0xab, 0x6e, 0xa6,
  0xab, 0x6c, 0x92, 0x42, 0x54, 0x1c, 0x51, 0x89, 0x02, 0xfe, 0xaf, 0x58,
  0xf7, 0x57, 0x3e, 0xb3, 0x36, 0x48, 0x1b, 0x9e, 0xea, 0x75, 0xa1, 0x3c,
  0xbd, 0xe2, 0x0f, 0x9d, 0x5d, 0x2e, 0xf8, 0x3f, 0x58, 0x5d, 0x1f, 0x4d,
  0xb7, 0x87, 0x4c, 0xb9, 0x92, 0x52, 0x1a, 0x77, 0xe4, 0xc3, 0x01, 0xcd,
  0x80, 0x06, 0xdd, 0x0e, 0x17, 0xf1, 0xa9, 0x96, 0x71, 0x8b, 0x8e, 0xe7,
  0x5d, 0x7f, 0xa3, 0x9d, 0x08, 0xb6, 0x9d, 0x22, 0xa2, 0x39, 0x7c, 0x36,
  0xa5, 0xf3, 0x72, 0xfb, 0x45, 0x17, 0xfd, 0x4a, 0xe2, 0x22, 0xc3, 0xfa,
  0x1a, 0xf3, 0x1f, 0xf0, 0xcd, 0x3c, 0x38, 0x2b, 0x88, 0xb3, 0xfe, 0xa4,
  0xbe, 0x3e, 0xe8, 0x8d, 0x0f, 0x8f, 0x8b, 0xf7, 0x2f, 0x74, 0x4f, 0x0e,
  0x7d, 0x99, 0x74, 0xe2, 0x59, 0xad, 0x57, 0x4e, 0xb5, 0xb7, 0x60, 0xaf,
  0x70, 0x44, 0x68, 0xa4, 0x1e, 0x9b, 0x8a, 0xfa, 0x07, 0xd0, 0xc3, 0x41,
  0x77, 0xc7, 0x5a, 0x34, 0x51, 0x10, 0x5b, 0xb4, 0xed, 0x33, 0x9d, 0x80,
  0xec, 0xeb, 0xe5, 0x9d, 0x33, 0x85, 0x38, 0x87, 0x8a, 0xb5, 0x8b, 0x6b,
  0x4b, 0x2b, 0x8b, 0x29, 0x6e, 0x9b, 0xbc, 0x89, 0x34, 0xbd, 0x92, 0xf7,
  0x46, 0x73, 0xcc, 0xe0, 0x0f, 0x0f, 0x3a, 0xd7, 0xb8, 0x4f, 0xd1, 0xe7,
  0xa6, 0x0e, 0x0a, 0xd4, 0xed, 0xf5, 0x5b, 0x04, 0xd0, 0x8c, 0xb1, 0xa9,
  0x0b, 0xda, 0x6a, 0x56, 0xec, 0x30, 0x46, 0x3a, 0x73, 0xd2, 0x39, 0x71,
  0xc3, 0x6d, 0x6e, 0x56, 0x32, 0xa6, 0xf8, 0x68, 0xfb, 0x6b, 0x8d, 0xf4,
  0x0b, 0x7d, 0x56, 0x77, 0x8f, 0x9d, 0x72, 0x47, 0x7b, 0x1b, 0xe3, 0xd9,
  0x58, 0xcf, 0x12, 0x7a, 0x32, 0x92, 0x45, 0x71, 0x6f, 0x18, 0xf7, 0xb6,
  0xc2, 0x85, 0xe9, 0xbc, 0x57, 0xe9, 0xce, 0xda, 0xee, 0x38, 0xe4, 0xb2,
  0xe1, 0x0b, 0xa2, 0x00, 0x2d, 0x8b, 0x80, 0xdf, 0x32, 0xaf, 0x50, 0xbd,
  0x20, 0x7a, 0x58, 0xe3, 0x5d, 0x0a, 0xc5, 0x0e, 0xb1, 0x61, 0xc3, 0xb6,
  0xb3, 0x4a, 0x4a, 0x2b, 0x24, 0x87, 0x0c, 0x47, 0x5c, 0x02, 0xc7, 0xcf,
  0xc6, 0x91, 0x70, 0x94, 0x65, 0xf2, 0xb5, 0x6c, 0xd6, 0x0f, 0xd0, 0xf9,
  0xbf, 0xf4, 0x83, 0xe1, 0x77, 0xe1, 0x99, 0xb4, 0x94, 0x96, 0x68, 0x9e,
  0x49, 0xc4, 0x8d, 0xc8, 0x87, 0x75, 0x03, 0x97, 0x7a, 0xc5, 0x79, 0x98,
  0xdb, 0xba, 0x93, 0x91, 0x8c, 0xd6, 0x8b, 0xe9, 0x7f, 0x8b, 0xb5, 0x0e,
  0x2c, 0xd4, 0xec, 0xa5, 0xd4, 0x27, 0x82, 0x56, 0x82, 0x26, 0x54, 0xec,
  0x18, 0x15, 0x00, 0x9e, 0x9b, 0x56, 0x7b, 0x6e, 0xa1, 0xa2, 0x93, 0x3d,
  0x0a, 0xe2, 0xbb, 0xba, 0x64, 0xd6, 0x25, 0xbb, 0x91, 0x5c, 0xcd, 0x39,
  0xba, 0x07, 0xe0, 0x9c, 0xd2, 0x94, 0x1a, 0x97, 0x1d, 0xa7, 0x36, 0x77,
  0xa5, 0x8b, 0x23, 0xe0, 0x45, 0x6f, 0xb8, 0x18, 0xe3, 0x72, 0x56, 0x88,
  0x8a, 0x76, 0x26, 0xac, 0x56, 0xd0, 0xcd, 0x71, 0x00, 0x86, 0x0b, 0x7f,
  0xd9, 0x92, 0x7b, 0xc5, 0x49, 0x1f, 0x86, 0xde, 0x74, 0x28, 0x58, 0x3f,
  0x80, 0xf9, 0x54, 0xab, 0x6b, 0x6b, 0x94, 0x5e, 0x44, 0x92, 0x44, 0x42,
  0x72, 0x42, 0xb1, 0x00, 0xd0, 0x39, 0x23, 0x7f, 0x06, 0x4d, 0x24, 0x87,
  0x25, 0x83, 0xd5, 0x6d, 0xe7, 0x4e, 0x50, 0x48, 0x60, 0x32, 0x37, 0xc6,
  0xfe, 0x14, 0xee, 0x9d, 0xb3, 0x86, 0x3c, 0xaa, 0x7e, 0xf3, 0x6e, 0x69,
  0xeb, 0xfb, 0x73, 0x6d, 0xa3, 0xf6, 0x8d, 0xf6, 0xe4, 0x55, 0xdf, 0xe2,
  0x7f, 0x85, 0x46, 0xd3, 0x15, 0xee, 0xa7, 0x8e, 0x08, 0xf9, 0x43, 0x4c,
  0xc1, 0x06, 0x76, 0xdc, 0xec, 0x28, 0x57, 0x55, 0x66, 0xd9, 0x24, 0xb1,
  0x49, 0x45, 0xf3, 0x47, 0x86, 0xe0, 0xd6, 0xf9, 0x04, 0x0a, 0x55, 0x1c,
  0x5d, 0xa1, 0x0c, 0x8a, 0x70, 0x65, 0xb9, 0x18, 0xd8, 0x79, 0x2e, 0x3e,
  0x55, 0x4b, 0xb5, 0xf4, 0x29, 0xc4, 0x53, 0x39, 0x59, 0x1e, 0xca, 0x21,
  0x8f, 0xac, 0x65, 0x27, 0xf2, 0x15, 0xa3, 0x45, 0x64, 0x2d, 0xa1, 0x8e,
  0xdd, 0xc2, 0xb4, 0x90, 0xa8, 0x46, 0x20, 0xde, 0x75, 0x1b, 0x1f, 0x67,
  0x85, 0x71, 0x7e, 0x25, 0xa9, 0xc5, 0x95, 0x45, 0x63, 0x95, 0xd7, 0x62,
  0x69, 0x31, 0xca, 0x17, 0xb9, 0x50, 0x8b, 0x68, 0xc0, 0x6d, 0xee, 0xa3,
  0x1f, 0xf5, 0x37, 0x03, 0xf3, 0x4a, 0x28, 0x85, 0x00, 0x20, 0x5f, 0x46,
  0x0f, 0xfc, 0xec, 0xdf, 0xfc, 0xea, 0x31, 0xb2, 0x56, 0x0a, 0x44, 0xab,
  0xb7, 0x86, 0x6e, 0xff, 0x00, 0x95, 0x3e, 0x1d, 0x6d, 0xf1, 0xdf, 0x19,
  0xfe, 0xac, 0x97, 0x23, 0xf3, 0x5a, 0xe3, 0xc9, 0x5f, 0x71, 0xe4, 0xc0,
  0x8d, 0xa2, 0x69, 0x70, 0x81, 0xfb, 0x7b, 0x97, 0x6c, 0x6f, 0x92, 0x9f,
  0xe1, 0xa6, 0x97, 0x47, 0xb3, 0x60, 0x03, 0xdc, 0x2a, 0x0c, 0xf5, 0x2b,
  0x19, 0xff, 0x00, 0xd6, 0xac, 0x4f, 0x6a, 0xa8, 0xe5, 0xb9, 0x13, 0x3e,
  0x39, 0x14, 0x98, 0xd2, 0x19, 0x18, 0x66, 0xce, 0x37, 0x3d, 0x37, 0x5c,
  0xd7, 0x5a, 0x31, 0x8b, 0x16, 0x77, 0xdc, 0x1b, 0x65, 0xa6, 0xe9, 0xb6,
  0x8e, 0x59, 0x35, 0x47, 0x8e, 0x4e, 0x9c, 0xd0, 0xc4, 0x99, 0x03, 0xe0,
  0xa2, 0xa5, 0xc9, 0xa4, 0x69, 0xda, 0x96, 0xf3, 0x6b, 0x17, 0xb2, 0x15,
  0xe9, 0xda, 0xdb, 0xa9, 0xfc, 0xc5, 0x19, 0x87, 0x4c, 0x86, 0x3e, 0xf9,
  0x86, 0xd6, 0x21, 0xd7, 0xea, 0x54, 0xc0, 0x8a, 0x31, 0x81, 0x03, 0x60,
  0x7d, 0x95, 0xf0, 0xf9, 0xd5, 0xac, 0x78, 0xdb, 0xba, 0x65, 0x5c, 0xbb,
  0xa3, 0xe6, 0x8f, 0x4b, 0x30, 0xd9, 0x5a, 0x71, 0x0c, 0x56, 0xb6, 0x73,
  0x99, 0x44, 0x70, 0x2f, 0x39, 0x28, 0x17, 0x0c, 0x49, 0x38, 0xc0, 0xf6,
  0x63, 0xe7, 0x55, 0x3b, 0x2e, 0x5e, 0xca, 0x42, 0x70, 0x55, 0x50, 0xe7,
  0xc2, 0x9d, 0xe2, 0x6d, 0x5d, 0xf5, 0x7e, 0x23, 0xd4, 0x75, 0x03, 0x83,
  0xdb, 0x4e, 0xcc, 0xa0, 0x8d, 0xb9, 0x73, 0x80, 0x31, 0xee, 0x02, 0xa7,
  0x69, 0x9a, 0x6c, 0xba, 0x96, 0x97, 0xa9, 0xca, 0x15, 0x63, 0x8a, 0xde,
  0xdf, 0xb5, 0x72, 0x8b, 0xbe, 0x03, 0x01, 0xfc, 0x6b, 0xb9, 0x8e, 0x2a,
  0x10, 0x51, 0x39, 0xcd, 0xb9, 0x49, 0xb0, 0x04, 0x33, 0x76, 0x64, 0x9c,
  0xf4, 0xa9, 0x4b, 0x7e, 0xc4, 0x63, 0x95, 0x0f, 0xbc, 0x50, 0xa0, 0xd8,
  0x7f, 0x31, 0x52, 0xa2, 0x64, 0x3e, 0xc3, 0x46, 0xd1, 0xa6, 0x16, 0xe9,
  0xd3, 0x08, 0x25, 0xde, 0x3a, 0x20, 0xcf, 0xb2, 0xa6, 0xdb, 0xce, 0xd2,
  0x32, 0xaf, 0x28, 0x19, 0x3d, 0x68, 0x5c, 0x65, 0x6a, 0x7d, 0xaa, 0x96,
  0x71, 0x93, 0xca, 0xb5, 0x9b, 0x1c, 0xc5, 0x77, 0xc8, 0x4f, 0x88, 0x2d,
  0x0b, 0xf0, 0xcc, 0x17, 0xc0, 0x9e, 0xcd, 0x2e, 0xbb, 0x1f, 0x79, 0xe5,
  0x27, 0xf0, 0xc7, 0xe3, 0x40, 0xf4, 0xbb, 0x95, 0x8e, 0xe6, 0x17, 0x62,
  0x4a, 0xa3, 0x06, 0x21, 0x76, 0x3b, 0x1a, 0xd4, 0x2f, 0x74, 0x75, 0xba,
  0xf4, 0x2f, 0x77, 0x7d, 0x6c, 0x81, 0xa4, 0xd3, 0xb5, 0x14, 0x79, 0x32,
  0x33, 0x85, 0x65, 0xe5, 0xe9, 0xf1, 0xac, 0x9e, 0x0b, 0xa9, 0x1d, 0x80,
  0xca, 0x80, 0x0f, 0x45, 0x50, 0x2b, 0x48, 0x2b, 0x8d, 0x0a, 0x6a, 0xa5,
  0xf9, 0xad, 0x9f, 0x77, 0x68, 0xba, 0x0d, 0xe6, 0xa1, 0x67, 0x6b, 0x77,
  0x14, 0xda, 0x79, 0xb7, 0x9e, 0x35, 0x95, 0x1b, 0xb4, 0x6d, 0xd4, 0x8c,
  0x8f, 0xb3, 0x50, 0xbf, 0x56, 0x12, 0x6b, 0x9b, 0x82, 0xb6, 0x17, 0xc7,
  0x2e, 0xdb, 0xac, 0xc4, 0x03, 0xb9, 0xdc, 0x77, 0xa9, 0xcf, 0xd1, 0xf6,
  0xf5, 0x78, 0x8f, 0xd1, 0x9d, 0x87, 0x6b, 0xcc, 0xd2, 0xd8, 0xbb, 0xda,
  0xb1, 0xfe, 0xc9, 0xca, 0xff, 0x00, 0xe2, 0xc2, 0xb5, 0x1f, 0xa0, 0xa0,
  0x3d, 0xe0, 0xae, 0xa4, 0x79, 0x6f, 0x5c, 0xa9, 0x7c, 0x1b, 0x4c, 0xfe,
  0x97, 0x24, 0x52, 0xd6, 0xe5, 0x5c, 0xd3, 0x32, 0x76, 0xe1, 0x79, 0x13,
  0x24, 0xda, 0x6a, 0x48, 0xbe, 0x1f, 0xbc, 0x37, 0xf8, 0xa9, 0x69, 0xc3,
  0xd6, 0xfd, 0x98, 0x79, 0x6c, 0xf5, 0x42, 0x01, 0xc6, 0x44, 0xb2, 0x37,
  0xe4, 0xd5, 0xac, 0x7d, 0x03, 0x1b, 0x80, 0x7b, 0x49, 0xc7, 0x98, 0x18,
  0xa9, 0x16, 0xfa, 0x24, 0x70, 0x02, 0x03, 0xcc, 0x46, 0x7c, 0xc5, 0x66,
  0xfe, 0x0d, 0x81, 0x7e, 0xb9, 0x05, 0xf8, 0xec, 0xbd, 0x91, 0xff, 0xd9
};
unsigned int coop_portrait_morgan_female_jpg_len = 3492;

unsigned char coop_portrait_bellamy_jpg[] = {
  0xff, 0xd8, 0xff, 0xe0, 0x00, 0x10, 0x4a, 0x46, 0x49, 0x46, 0x00, 0x01,
  0x01, 0x00, 0x00, 0x01, 0x00, 0x01, 0x00, 0x00, 0xff, 0xdb, 0x00, 0x43,
  0x00, 0x04, 0x03, 0x03, 0x04, 0x03, 0x03, 0x04, 0x04, 0x04, 0x04, 0x05,
  0x05, 0x04, 0x05, 0x07, 0x0b, 0x07, 0x07, 0x06, 0x06, 0x07, 0x0e, 0x0a,
  0x0a, 0x08, 0x0b, 0x10, 0x0e, 0x11, 0x11, 0x10, 0x0e, 0x10, 0x0f, 0x12,
  0x14, 0x1a, 0x16, 0x12, 0x13, 0x18, 0x13, 0x0f, 0x10, 0x16, 0x1f, 0x17,
  0x18, 0x1b, 0x1b, 0x1d, 0x1d, 0x1d, 0x11, 0x16, 0x20, 0x22, 0x1f, 0x1c,
  0x22, 0x1a, 0x1c, 0x1d, 0x1c, 0xff, 0xdb, 0x00, 0x43, 0x01, 0x05, 0x05,
  0x05, 0x07, 0x06, 0x07, 0x0d, 0x07, 0x07, 0x0d, 0x1c, 0x12, 0x10, 0x12,
  0x1c, 0x1c, 0x1c, 0x1c, 0x1c, 0x1c, 0x1c, 0x1c, 0x1c, 0x1c, 0x1c, 0x1c,
  0x1c, 0x1c, 0x1c, 0x1c, 0x1c, 0x1c, 0x1c, 0x1c, 0x1c, 0x1c, 0x1c, 0x1c,
  0x1c, 0x1c, 0x1c, 0x1c, 0x1c, 0x1c, 0x1c, 0x1c, 0x1c, 0x1c, 0x1c, 0x1c,
  0x1c, 0x1c, 0x1c, 0x1c, 0x1c, 0x1c, 0x1c, 0x1c, 0x1c, 0x1c, 0x1c, 0x1c,
  0x1c, 0x1c, 0xff, 0xc0, 0x00, 0x11, 0x08, 0x00, 0x80, 0x00, 0x80, 0x03,
  0x01, 0x22, 0x00, 0x02, 0x11, 0x01, 0x03, 0x11, 0x01, 0xff, 0xc4, 0x00,
  0x1c, 0x00, 0x00, 0x01, 0x05, 0x01, 0x01, 0x01, 0x00, 0x00, 0x00, 0x00,
  0x00, 0x00, 0x00, 0x00, 0x00, 0x00, 0x05, 0x02, 0x03, 0x04, 0x06, 0x07,
  0x01, 0x00, 0x08, 0xff, 0xc4, 0x00, 0x45, 0x10, 0x00, 0x02, 0x01, 0x03,
  0x02, 0x03, 0x05, 0x03, 0x08, 0x06, 0x06, 0x0b, 0x00, 0x00, 0x00, 0x00,
  0x01, 0x02, 0x03, 0x00, 0x04, 0x11, 0x05, 0x21, 0x06, 0x12, 0x31, 0x13,
  0x22, 0x41, 0x51, 0x61, 0x14, 0x71, 0x81, 0x07, 0x23, 0x24, 0x52, 0x91,
  0xa1, 0xb1, 0xc1, 0x15, 0x16, 0x32, 0x42, 0x62, 0xd1, 0x25, 0x72, 0x82,
  0xb2, 0xc2, 0xd2, 0x08, 0x33, 0x35, 0x43, 0x73, 0x74, 0x84, 0x93, 0xe1,
  0xf0, 0xf1, 0xff, 0xc4, 0x00, 0x19, 0x01, 0x00, 0x02, 0x03, 0x01, 0x00,
  0x00, 0x00, 0x00, 0x00, 0x00, 0x00, 0x00, 0x00, 0x00, 0x00, 0x00, 0x02,
  0x03, 0x00, 0x01, 0x04, 0x05, 0xff, 0xc4, 0x00, 0x2b, 0x11, 0x00, 0x03,
  0x00, 0x02, 0x01, 0x03, 0x02, 0x05, 0x03, 0x05, 0x00, 0x00, 0x00, 0x00,
  0x00, 0x00, 0x00, 0x01, 0x02, 0x03, 0x11, 0x21, 0x04, 0x12, 0x31, 0x51,
  0x91, 0x05, 0x13, 0x32, 0x61, 0xb1, 0x33, 0x41, 0xf0, 0x14, 0x42, 0x52,
  0x71, 0xc1, 0xff, 0xda, 0x00, 0x0c, 0x03, 0x01, 0x00, 0x02, 0x11, 0x03,
  0x11, 0x00, 0x3f, 0x00, 0xf8, 0xc9, 0x5c, 0x0f, 0x75, 0x41, 0xbb, 0x94,
  0x8c, 0x46, 0xbd, 0x09, 0xc9, 0xa7, 0xd2, 0xde, 0x67, 0x19, 0x72, 0x11,
  0x7c, 0xbc, 0x6a, 0x1d, 0xca, 0x11, 0x3e, 0x3a, 0x8e, 0x9b, 0xd0, 0xa0,
  0xd9, 0x19, 0xdb, 0x0e, 0x3d, 0xd5, 0x36, 0x15, 0xca, 0x03, 0xef, 0xfc,
  0x2a, 0x14, 0xb8, 0x56, 0x23, 0xcb, 0x22, 0x88, 0xd9, 0xae, 0x54, 0x29,
  0xf0, 0x27, 0x1f, 0x65, 0x42, 0x91, 0xeb, 0xbc, 0x9b, 0x78, 0x07, 0xf0,
  0x8a, 0x80, 0x01, 0xe4, 0x1f, 0xd6, 0x14, 0x4a, 0xe5, 0x39, 0x92, 0xd0,
  0x0f, 0x15, 0xfc, 0xa8, 0x77, 0xfb, 0xb1, 0xef, 0x15, 0x08, 0x4f, 0xd2,
  0x07, 0xd3, 0x6d, 0xff, 0x00, 0xaf, 0x56, 0x2d, 0x64, 0x7f, 0x47, 0x27,
  0xbe, 0x3f, 0xee, 0x9a, 0xae, 0xe8, 0xcd, 0xf4, 0xeb, 0x71, 0xfc, 0x62,
  0xac, 0xba, 0xda, 0xe3, 0x4c, 0x8c, 0xfa, 0xc7, 0xfd, 0xd3, 0x59, 0x32,
  0xfe, 0xac, 0x9a, 0x71, 0xfe, 0x95, 0x15, 0xcc, 0xd7, 0x01, 0xaf, 0x52,
  0x4d, 0x6a, 0x33, 0x0a, 0xce, 0x45, 0x74, 0x52, 0x73, 0x81, 0x5e, 0x07,
  0xee, 0xa8, 0x41, 0xc0, 0x0d, 0x10, 0xd3, 0xa0, 0x32, 0x41, 0x7b, 0x2e,
  0x7f, 0xd5, 0xc7, 0x8c, 0x79, 0xe7, 0x3f, 0xca, 0x87, 0xa9, 0xda, 0x89,
  0xe9, 0xb9, 0xf6, 0x0d, 0x4f, 0x12, 0xaa, 0x72, 0xc4, 0xad, 0xca, 0x73,
  0x97, 0xef, 0x01, 0x81, 0xf0, 0x62, 0x7e, 0x14, 0x17, 0xe0, 0xb9, 0xf2,
  0x0f, 0x14, 0xbe, 0x51, 0x8a, 0x47, 0x4e, 0x94, 0xa4, 0x39, 0xc8, 0x2c,
  0x06, 0xde, 0x34, 0x65, 0x13, 0x24, 0x81, 0xc6, 0x4b, 0x29, 0xcf, 0xa8,
  0xa1, 0x17, 0x01, 0x4c, 0x81, 0x72, 0xc1, 0xc1, 0x25, 0xbc, 0x88, 0xf0,
  0xa3, 0x76, 0xfc, 0x45, 0x75, 0x22, 0xf2, 0xbb, 0x24, 0xaa, 0x7a, 0x87,
  0x50, 0x68, 0x6e, 0xa4, 0xb0, 0x72, 0x43, 0x32, 0x02, 0xb3, 0x30, 0x70,
  0xc0, 0x74, 0xeb, 0xb5, 0x0c, 0xb7, 0xe1, 0x8c, 0xa5, 0xc6, 0xd0, 0x1e,
  0xe0, 0x72, 0xb1, 0xc7, 0x91, 0xa2, 0xf6, 0x68, 0x31, 0x16, 0xe0, 0xe7,
  0x7d, 0xbd, 0xc6, 0x83, 0x4c, 0xfc, 0xe7, 0x38, 0xc6, 0xd4, 0x57, 0x4b,
  0x98, 0xc8, 0x21, 0x52, 0x09, 0x0a, 0x71, 0x9f, 0x21, 0x83, 0x44, 0xfc,
  0x00, 0x87, 0x95, 0x44, 0x9e, 0xca, 0xbe, 0x48, 0x49, 0xfc, 0x28, 0x63,
  0xc7, 0xcb, 0x0b, 0x7b, 0xf6, 0xa2, 0xd6, 0x60, 0x95, 0x61, 0xe2, 0xa1,
  0x93, 0xf3, 0xa8, 0x73, 0xc3, 0x9b, 0x68, 0xcf, 0xd6, 0x5f, 0xbc, 0x54,
  0x4c, 0xbd, 0x09, 0xd1, 0x36, 0xd4, 0x6d, 0x41, 0xfa, 0xe2, 0xad, 0x7c,
  0x49, 0x73, 0x6a, 0xba, 0x65, 0xb4, 0x4b, 0x34, 0x5d, 0xa9, 0x11, 0x92,
  0xa1, 0x86, 0x7a, 0x37, 0x87, 0xd9, 0x54, 0x49, 0xae, 0x39, 0x0f, 0x65,
  0x06, 0x4c, 0x99, 0xc7, 0x32, 0xfe, 0x55, 0x21, 0x38, 0x67, 0x51, 0x94,
  0x73, 0x18, 0xc0, 0x27, 0x7c, 0x31, 0xdc, 0xd2, 0x32, 0x63, 0x4e, 0xd5,
  0xd3, 0xd6, 0x86, 0xe3, 0xee, 0x72, 0xe6, 0x56, 0xc9, 0x63, 0x7a, 0xe5,
  0x41, 0x92, 0xd7, 0x50, 0xd2, 0x0f, 0xd2, 0x6d, 0xe5, 0x58, 0xb3, 0x8c,
  0x91, 0xdd, 0x3e, 0xe3, 0x53, 0x03, 0x89, 0x11, 0x59, 0x4e, 0xc7, 0x7a,
  0x7a, 0x69, 0xad, 0xa1, 0x35, 0x2e, 0x5e, 0x9a, 0x3a, 0x77, 0xae, 0x81,
  0x9c, 0xd7, 0x85, 0x2c, 0x54, 0x28, 0x52, 0x0a, 0x25, 0x67, 0x0b, 0x1b,
  0x1b, 0xf9, 0xb1, 0xdc, 0x54, 0x54, 0xf8, 0x96, 0x07, 0xf2, 0xa1, 0xa0,
  0x62, 0x8b, 0xd9, 0x76, 0x9f, 0xa0, 0xf5, 0x32, 0x9c, 0xbc, 0x8a, 0xd1,
  0x07, 0x24, 0x8c, 0xee, 0x4e, 0x30, 0x3e, 0x14, 0x17, 0xe3, 0xdb, 0xf2,
  0x14, 0xf9, 0x05, 0x7c, 0x2b, 0x80, 0x6f, 0x4a, 0xc1, 0x22, 0x92, 0x3c,
  0x68, 0xc1, 0x23, 0x46, 0xa4, 0xc8, 0x02, 0x75, 0x26, 0x93, 0x39, 0x0f,
  0x34, 0xaf, 0x92, 0x42, 0x90, 0x14, 0x66, 0x9c, 0xdc, 0x29, 0xe5, 0x38,
  0x38, 0xa6, 0x2d, 0x57, 0xb4, 0xee, 0xec, 0x00, 0x61, 0x90, 0x6a, 0x68,
  0xbf, 0xb0, 0xcc, 0xb0, 0xb1, 0xef, 0x03, 0xb8, 0x1f, 0xb2, 0x7c, 0x05,
  0x4c, 0xd0, 0x66, 0x54, 0x96, 0x4b, 0x77, 0xd9, 0x9b, 0x75, 0x27, 0xcc,
  0x54, 0xdb, 0xd8, 0x11, 0xe1, 0x56, 0x51, 0xcb, 0x2a, 0xec, 0x48, 0xf1,
  0x14, 0x2a, 0x2b, 0x77, 0x7b, 0x80, 0x7f, 0x65, 0x8f, 0x8f, 0xad, 0x4f,
  0x28, 0x9e, 0x18, 0x6e, 0x23, 0xcb, 0x7d, 0x34, 0x24, 0x72, 0xb4, 0xb8,
  0x65, 0xf4, 0x61, 0xd4, 0x52, 0x1a, 0x1c, 0xc7, 0x2c, 0x78, 0xfd, 0x93,
  0xcc, 0x3e, 0x3d, 0x69, 0x96, 0xe6, 0xb8, 0xef, 0x1c, 0xad, 0xc4, 0x47,
  0x62, 0x7a, 0xe6, 0xa7, 0xc2, 0xc2, 0x60, 0x93, 0x01, 0x80, 0xdd, 0xd7,
  0x1e, 0x47, 0xc6, 0x87, 0xc0, 0x60, 0xee, 0x16, 0xb2, 0x4f, 0x6a, 0xbc,
  0x92, 0x45, 0x06, 0x48, 0x48, 0x0b, 0x91, 0xd3, 0x39, 0xdf, 0xee, 0xab,
  0x4d, 0xb4, 0xad, 0xcd, 0x9c, 0x74, 0xf1, 0xa0, 0xb6, 0xc8, 0xb6, 0x97,
  0x57, 0xa0, 0xa3, 0xb2, 0xca, 0xa8, 0xd8, 0x46, 0xc1, 0xc8, 0x24, 0x75,
  0xf0, 0xa3, 0xfa, 0x3a, 0xa5, 0xfa, 0x35, 0xb3, 0xda, 0xa9, 0x55, 0x0c,
  0xfc, 0x82, 0x46, 0x05, 0xc8, 0x1b, 0x0c, 0x9d, 0xc0, 0xac, 0x59, 0xde,
  0xdb, 0xaf, 0xd8, 0xeb, 0xf4, 0x92, 0xd4, 0xa8, 0x5e, 0x4b, 0x40, 0xd3,
  0xed, 0xae, 0x38, 0x6b, 0x55, 0xf6, 0xce, 0x56, 0x8b, 0xd9, 0x9d, 0xcf,
  0x89, 0x18, 0x04, 0x83, 0xf6, 0x8a, 0xc5, 0xf4, 0xed, 0xed, 0xba, 0xf4,
  0x35, 0xac, 0xe8, 0x96, 0xd7, 0x92, 0xe9, 0xda, 0x95, 0x87, 0xb1, 0xf6,
  0x70, 0xcf, 0x0b, 0xf6, 0xce, 0xbc, 0xdf, 0x36, 0xa1, 0x49, 0x38, 0xc9,
  0x39, 0x35, 0x42, 0x92, 0xc6, 0x3b, 0x4d, 0x1e, 0xd1, 0x79, 0x02, 0x4f,
  0x9e, 0xf1, 0xce, 0xed, 0x91, 0x9f, 0xba, 0xab, 0xa2, 0x7d, 0x8e, 0xa7,
  0x7b, 0xdb, 0x07, 0xe2, 0x38, 0xde, 0x49, 0x9c, 0x9a, 0xd6, 0x97, 0xfd,
  0x20, 0x0a, 0x52, 0xd7, 0x3a, 0x52, 0x96, 0xba, 0x07, 0x18, 0x70, 0x0c,
  0x0a, 0x23, 0x69, 0x19, 0xfd, 0x13, 0x7f, 0x20, 0x07, 0x90, 0x98, 0xc7,
  0x31, 0xf3, 0xce, 0xe3, 0xef, 0xa1, 0x99, 0x14, 0x62, 0x0e, 0xd1, 0x78,
  0x6e, 0xef, 0x95, 0x0f, 0x67, 0xed, 0x08, 0xae, 0xf8, 0xd8, 0x12, 0x09,
  0x03, 0xdf, 0xdd, 0x3f, 0x65, 0x05, 0xae, 0x3d, 0xbf, 0x21, 0x4b, 0xe4,
  0x12, 0x73, 0xd0, 0x57, 0x94, 0x63, 0x3e, 0x75, 0xe5, 0x1b, 0xf8, 0xd3,
  0xb8, 0x03, 0x7a, 0x30, 0x50, 0x2a, 0x09, 0x3b, 0x69, 0x79, 0x4f, 0x42,
  0x70, 0x29, 0x76, 0xe0, 0x09, 0xdf, 0xcf, 0xc2, 0xa2, 0x5b, 0x93, 0xdb,
  0x0c, 0xf8, 0xd1, 0x48, 0x2d, 0xcb, 0xdc, 0x6d, 0xd0, 0xef, 0x50, 0xb4,
  0x11, 0x85, 0x3b, 0x78, 0xd9, 0x3a, 0xb6, 0x36, 0xa1, 0xe4, 0x14, 0xe7,
  0x18, 0x07, 0x3b, 0x6f, 0x47, 0xac, 0xad, 0x59, 0x5c, 0x1a, 0x8d, 0xac,
  0xd8, 0x9b, 0x5b, 0xc2, 0x79, 0x70, 0x92, 0x8e, 0x75, 0xf8, 0xd0, 0xaa,
  0x5b, 0xd0, 0x6d, 0x71, 0xb0, 0x45, 0xac, 0xac, 0x25, 0x2c, 0xf9, 0x2c,
  0xbb, 0x30, 0xfa, 0xcb, 0xfc, 0xc5, 0x4d, 0x04, 0xda, 0x5c, 0x4b, 0x1e,
  0x41, 0x43, 0xe2, 0x0e, 0xc7, 0xc8, 0xd4, 0x33, 0x0b, 0xb6, 0x5e, 0x31,
  0x97, 0x4d, 0xfe, 0x14, 0x48, 0x98, 0xef, 0x2c, 0xa1, 0x2c, 0xab, 0x1c,
  0x90, 0x27, 0x2f, 0x37, 0xd7, 0x43, 0xd3, 0xec, 0x35, 0x19, 0x48, 0x97,
  0x61, 0x78, 0x63, 0x49, 0x1b, 0x00, 0xb3, 0x28, 0x19, 0x3e, 0x22, 0x9f,
  0xd2, 0xef, 0xfb, 0x2b, 0xc7, 0x71, 0x04, 0x8e, 0x48, 0xe5, 0x5c, 0x1c,
  0x02, 0x4f, 0x9f, 0x96, 0xd5, 0xdd, 0x1b, 0x4d, 0x86, 0x5e, 0x19, 0xd4,
  0x35, 0x19, 0xe5, 0xe5, 0x16, 0xd3, 0x24, 0x6a, 0xa0, 0xfd, 0x63, 0x82,
  0x4f, 0xdb, 0x49, 0xd3, 0xad, 0x2f, 0xcc, 0xe5, 0x2d, 0x20, 0x59, 0xc6,
  0x46, 0x1b, 0x93, 0x9b, 0x6a, 0xc9, 0x6a, 0x5b, 0x67, 0x4f, 0xa7, 0xcd,
  0x6a, 0x57, 0xd8, 0xd1, 0x38, 0x7f, 0x50, 0x92, 0x3b, 0x53, 0xda, 0x92,
  0x00, 0xcf, 0x68, 0xa0, 0x75, 0x5e, 0xbf, 0x85, 0x65, 0x3a, 0xde, 0xab,
  0xfa, 0x5a, 0xf4, 0xcc, 0xb1, 0x88, 0xa2, 0x51, 0x84, 0x41, 0xe0, 0x33,
  0x9c, 0xfb, 0xeb, 0x50, 0x02, 0x4d, 0x17, 0x45, 0xba, 0x9e, 0xf3, 0x09,
  0x7b, 0x71, 0xf3, 0x51, 0xa2, 0xe0, 0x72, 0x16, 0xee, 0xe4, 0x7a, 0x8c,
  0x93, 0xf0, 0xac, 0xb7, 0x59, 0xd3, 0x5b, 0x4a, 0xd4, 0x25, 0xb5, 0x6e,
  0x6e, 0xe8, 0x0c, 0x39, 0x86, 0x0e, 0x08, 0xc8, 0xfb, 0x8d, 0x2f, 0xa2,
  0x99, 0xee, 0xaa, 0xfe, 0x7d, 0xc2, 0xf8, 0x96, 0x5b, 0xed, 0x98, 0xdf,
  0x1f, 0xcd, 0x03, 0xb1, 0x9a, 0x52, 0x8d, 0xab, 0xc0, 0x62, 0xba, 0xa3,
  0xad, 0x74, 0x4e, 0x39, 0xde, 0x5a, 0x2b, 0x6d, 0x9f, 0xd0, 0x17, 0x8b,
  0x93, 0x83, 0x71, 0x16, 0xdf, 0xd9, 0x7a, 0x14, 0x06, 0x28, 0xdf, 0x6b,
  0x8e, 0x18, 0x58, 0xf9, 0x73, 0xcd, 0x75, 0x92, 0xde, 0x58, 0x5e, 0x9f,
  0x7d, 0x05, 0xad, 0xaf, 0x6f, 0xc9, 0x73, 0xe4, 0x10, 0x16, 0x96, 0xa0,
  0xf9, 0x0a, 0x48, 0xdf, 0xa6, 0x69, 0xd4, 0xf2, 0xab, 0x21, 0x5e, 0x39,
  0x89, 0xc1, 0xe8, 0x41, 0xab, 0x4f, 0x0f, 0xdb, 0xfb, 0x4c, 0xd3, 0x27,
  0x88, 0x00, 0x8a, 0x25, 0x77, 0xf2, 0x57, 0xaf, 0xcb, 0x2c, 0x86, 0x28,
  0xad, 0xca, 0x96, 0xc8, 0x3d, 0xb8, 0xab, 0x2f, 0x0c, 0x7c, 0x9e, 0xeb,
  0x16, 0x17, 0x46, 0x49, 0xe2, 0x88, 0x29, 0x4e, 0x5e, 0xec, 0x80, 0xd2,
  0xaf, 0xa8, 0xc7, 0xdb, 0xc5, 0x21, 0xd3, 0x86, 0xf7, 0xca, 0x21, 0xc5,
  0xa6, 0x95, 0x03, 0x1b, 0x62, 0x9a, 0xe2, 0x0b, 0x23, 0x35, 0x84, 0x52,
  0x63, 0x2d, 0x01, 0xe5, 0x27, 0xd0, 0xd6, 0x90, 0xbc, 0x1d, 0x76, 0xc8,
  0x39, 0x11, 0x33, 0xe2, 0x0b, 0x50, 0x9d, 0x73, 0x42, 0x7d, 0x29, 0x16,
  0x2b, 0xce, 0x4c, 0x5c, 0x02, 0x02, 0xa9, 0xcf, 0x4a, 0xcb, 0x39, 0xd3,
  0xae, 0x18, 0xe7, 0x89, 0xeb, 0xc1, 0x92, 0xc1, 0x65, 0x3b, 0x32, 0x98,
  0x22, 0x77, 0x93, 0x3b, 0x05, 0x15, 0x65, 0xb7, 0xe1, 0x55, 0x31, 0x0f,
  0x6b, 0x7e, 0x4e, 0x57, 0x25, 0x52, 0x23, 0xfb, 0xa7, 0xf7, 0x4f, 0xc6,
  0x8f, 0x46, 0xa9, 0x02, 0xf2, 0x44, 0xa1, 0x17, 0xd2, 0x95, 0xdf, 0x61,
  0xe1, 0x4d, 0xac, 0xcd, 0xf8, 0x2a, 0x71, 0x25, 0xe4, 0x1c, 0x9a, 0x3c,
  0x37, 0x36, 0xb2, 0x69, 0xb0, 0xdb, 0x7d, 0x19, 0x88, 0x69, 0x14, 0x3f,
  0x2e, 0xdf, 0x5b, 0x3e, 0x26, 0x89, 0xe8, 0x7c, 0x0e, 0xf6, 0x64, 0xa5,
  0x96, 0xb9, 0x7b, 0x6b, 0x1b, 0x75, 0x55, 0xc1, 0xa4, 0x1b, 0x6e, 0x7c,
  0x6e, 0x54, 0xfa, 0x1c, 0x54, 0x98, 0x3d, 0xa6, 0x1c, 0x2c, 0x77, 0x53,
  0x00, 0x3f, 0x8e, 0x93, 0x4d, 0xb5, 0xa4, 0xc3, 0x5c, 0x3d, 0xa2, 0xdf,
  0xa2, 0x70, 0x16, 0x85, 0xa5, 0xc8, 0x35, 0x1d, 0x4a, 0xe2, 0x5b, 0xfb,
  0xa8, 0xcf, 0x37, 0x6b, 0x77, 0x26, 0x42, 0x9f, 0x30, 0xbd, 0x2a, 0xb1,
  0xc6, 0x7a, 0x5e, 0x9b, 0xc5, 0x7a, 0xd4, 0xf7, 0xab, 0x0b, 0x46, 0x4a,
  0xaa, 0x09, 0x10, 0xe0, 0xb6, 0x06, 0x32, 0x45, 0x2c, 0x47, 0x75, 0x70,
  0x7b, 0xf2, 0xb3, 0x2f, 0x9b, 0x1c, 0xd4, 0xb8, 0xa3, 0x44, 0x18, 0xce,
  0x4f, 0xad, 0x26, 0x7b, 0xa6, 0xbb, 0xbb, 0xb9, 0x0d, 0xa5, 0x4b, 0x4d,
  0x19, 0xb5, 0xff, 0x00, 0x02, 0xdd, 0xc1, 0x96, 0xb4, 0x91, 0x67, 0x51,
  0xfb, 0xa7, 0xba, 0xdf, 0xc8, 0xd5, 0x66, 0x5b, 0x79, 0x6d, 0xe5, 0x68,
  0xe6, 0x8d, 0xa3, 0x75, 0xea, 0xac, 0x30, 0x6b, 0x6e, 0x20, 0x17, 0x38,
  0x15, 0x1e, 0xe7, 0x44, 0xb5, 0xd6, 0x23, 0x68, 0xae, 0xe2, 0x52, 0x8b,
  0xfb, 0xe7, 0x62, 0xbe, 0xe3, 0x5a, 0xa3, 0xaa, 0x6b, 0xea, 0x11, 0x5d,
  0x3a, 0x7f, 0x49, 0x8b, 0x0c, 0xd1, 0x85, 0x76, 0x3c, 0x32, 0x23, 0xe6,
  0x3c, 0xa2, 0xf4, 0xb0, 0x1e, 0xbc, 0x95, 0x23, 0x8a, 0xf8, 0x5a, 0x7e,
  0x19, 0xbc, 0x44, 0x76, 0x2f, 0x6d, 0x38, 0x2d, 0x04, 0x84, 0x60, 0xb0,
  0x07, 0xa1, 0x1e, 0x06, 0x99, 0x9c, 0xa2, 0x70, 0xe5, 0x92, 0x2a, 0x00,
  0xf2, 0x4c, 0xee, 0xcd, 0x9e, 0xb8, 0xda, 0xb4, 0xba, 0x56, 0x93, 0x93,
  0x3e, 0x9c, 0xb6, 0x98, 0x30, 0x0c, 0x52, 0x82, 0xfd, 0x94, 0x84, 0x39,
  0xf1, 0xa7, 0x45, 0x10, 0x08, 0x9f, 0x1c, 0x93, 0x46, 0x08, 0x5b, 0x89,
  0x54, 0x79, 0x07, 0x22, 0x9d, 0x5b, 0x9b, 0xaf, 0x0b, 0xbb, 0x8f, 0xfb,
  0x86, 0x9f, 0xbd, 0xd2, 0x2e, 0x34, 0xf8, 0x56, 0x59, 0x0e, 0x55, 0x82,
  0x91, 0xb7, 0x5c, 0xd5, 0xd7, 0x85, 0xbe, 0x47, 0xf5, 0xae, 0x2a, 0xd5,
  0xad, 0x34, 0xeb, 0x6b, 0x9b, 0x48, 0xa6, 0xb9, 0x72, 0x88, 0xd2, 0xb3,
  0x00, 0x36, 0x27, 0x7c, 0x03, 0xe5, 0x58, 0xaa, 0x94, 0xad, 0xb6, 0x76,
  0xd6, 0x48, 0x65, 0x13, 0xdb, 0x2f, 0x54, 0x9f, 0xa6, 0x5c, 0xfc, 0x24,
  0x35, 0x64, 0xd2, 0xda, 0x6b, 0x8d, 0x28, 0x76, 0x92, 0xc8, 0xee, 0x5c,
  0x90, 0xd2, 0x31, 0x62, 0x2b, 0x43, 0xd7, 0x3f, 0xd1, 0x97, 0x8a, 0xb4,
  0x09, 0x1d, 0x27, 0xbf, 0xd3, 0x1c, 0xa0, 0xdc, 0xa3, 0xbe, 0x3e, 0xf5,
  0xaa, 0x5d, 0x8e, 0x9d, 0x26, 0x99, 0x73, 0x73, 0xa6, 0x5c, 0x32, 0xb4,
  0xd6, 0xd2, 0x61, 0x8a, 0x74, 0x39, 0x19, 0x14, 0x0b, 0x24, 0x5f, 0xd2,
  0xf7, 0xa1, 0x79, 0x69, 0x76, 0xf0, 0x47, 0x45, 0x94, 0xc8, 0x59, 0x88,
  0x11, 0xe0, 0x77, 0x71, 0xbe, 0x68, 0x8c, 0x4a, 0xa5, 0x47, 0x8d, 0x22,
  0xfa, 0xdf, 0x17, 0x00, 0xab, 0x15, 0x50, 0x01, 0x2a, 0x3a, 0x37, 0xfe,
  0xf5, 0xa7, 0x2d, 0xd0, 0xed, 0x8a, 0x8d, 0xed, 0x19, 0xd1, 0xdc, 0x63,
  0x1d, 0xda, 0x93, 0x6e, 0x37, 0xdc, 0x57, 0x0a, 0xf7, 0x7d, 0x69, 0x71,
  0x0c, 0xd0, 0xb2, 0xc9, 0x65, 0x87, 0x27, 0x4c, 0x52, 0x62, 0x8b, 0x99,
  0xf6, 0xa8, 0x92, 0x96, 0x33, 0x2a, 0x02, 0x71, 0x8c, 0x9c, 0x51, 0x7d,
  0x3e, 0xd8, 0xca, 0x54, 0xa9, 0xce, 0x4e, 0x31, 0xff, 0x00, 0xda, 0x5b,
  0xe1, 0x16, 0x98, 0xfd, 0x86, 0x9e, 0x1e, 0xe4, 0x06, 0xe8, 0x46, 0x69,
  0x7a, 0x45, 0xa7, 0xb6, 0xde, 0xa0, 0x23, 0xe6, 0xa2, 0xf9, 0xc7, 0xf2,
  0x2c, 0x7a, 0x7d, 0x83, 0xf1, 0xa3, 0xb6, 0xf6, 0x3d, 0x8d, 0xb4, 0xb3,
  0x30, 0x24, 0x44, 0x8c, 0x76, 0xeb, 0x8c, 0x1a, 0xee, 0x93, 0x6c, 0xb6,
  0x36, 0x31, 0x93, 0xb4, 0x8f, 0xb9, 0xcf, 0x5c, 0xd2, 0x5d, 0xf0, 0xc3,
  0xd1, 0x56, 0xf9, 0x6c, 0xb0, 0x56, 0xe0, 0xfd, 0x36, 0xe4, 0x10, 0x0c,
  0x37, 0x7c, 0x98, 0xc7, 0x5e, 0x64, 0x6f, 0x1f, 0xec, 0xd6, 0x35, 0x28,
  0x5f, 0xd5, 0xeb, 0x2e, 0xea, 0xe4, 0x5c, 0x4d, 0x92, 0x06, 0xe7, 0xba,
  0x9d, 0x4d, 0x6e, 0x9f, 0x2d, 0xa5, 0x57, 0x80, 0xec, 0x51, 0x98, 0x07,
  0x7b, 0xd4, 0x21, 0x7c, 0x4e, 0x11, 0xb3, 0xf8, 0xd6, 0x53, 0x79, 0xc2,
  0x3a, 0xba, 0xe9, 0x1a, 0x6d, 0xbc, 0x3a, 0x65, 0xcc, 0x92, 0x90, 0xd3,
  0xbf, 0x26, 0x18, 0x0e, 0x6c, 0x00, 0x36, 0xe8, 0x70, 0xb5, 0xaf, 0xa5,
  0xc9, 0x33, 0x8a, 0x7b, 0x9e, 0xb9, 0x66, 0x6c, 0xd2, 0xdd, 0xbd, 0x2f,
  0xd8, 0xa7, 0xf7, 0x73, 0xb6, 0xd4, 0xbe, 0x6e, 0x5f, 0x51, 0x46, 0x3f,
  0x52, 0xb8, 0x87, 0x98, 0x7f, 0x43, 0x5e, 0x63, 0xfe, 0x19, 0xa7, 0x07,
  0x05, 0xf1, 0x0e, 0x7f, 0xd8, 0xb7, 0xc7, 0xdd, 0x11, 0xad, 0x9f, 0x3f,
  0x17, 0xf9, 0x2f, 0x74, 0x67, 0xf9, 0x77, 0xe8, 0xcb, 0x9f, 0x12, 0xcd,
  0x6a, 0xba, 0x75, 0xad, 0xbb, 0x05, 0x79, 0xc8, 0x8d, 0x14, 0x83, 0xd3,
  0x71, 0x5b, 0xff, 0x00, 0xc8, 0xbb, 0x41, 0x77, 0xc7, 0x7a, 0x34, 0x51,
  0x15, 0x2d, 0xda, 0x76, 0x9c, 0xd9, 0xd8, 0x0e, 0xce, 0xbe, 0x5c, 0xd3,
  0x38, 0x53, 0x88, 0x78, 0xab, 0x58, 0xb7, 0xb4, 0xb2, 0x9e, 0xca, 0x4b,
  0xa6, 0xef, 0x22, 0xcd, 0x2f, 0x64, 0xbd, 0xd0, 0x4e, 0x79, 0x9c, 0x01,
  0xe1, 0xe7, 0x5a, 0xef, 0x09, 0xfc, 0x9d, 0xfc, 0xb0, 0x70, 0x56, 0xa7,
  0x6f, 0xaa, 0xd8, 0x26, 0x86, 0x65, 0x89, 0x48, 0x5e, 0xd3, 0x52, 0xb7,
  0x61, 0x82, 0x31, 0xd3, 0x9e, 0xb0, 0xe5, 0xc7, 0x1d, 0xba, 0x54, 0xb6,
  0x69, 0x56, 0xfc, 0x34, 0x7d, 0xb5, 0xc7, 0x3c, 0x3f, 0x6f, 0xaa, 0xce,
  0xf1, 0xf3, 0xae, 0x48, 0xef, 0x63, 0x7c, 0x7a, 0x57, 0xc3, 0xbf, 0x28,
  0x76, 0x31, 0x69, 0x7c, 0x79, 0xad, 0xc2, 0x88, 0x03, 0x47, 0x30, 0x42,
  0x40, 0xc6, 0x70, 0xa0, 0x0a, 0xd9, 0xf4, 0xde, 0x2c, 0xf9, 0x74, 0xb5,
  0xbc, 0x8e, 0x37, 0xb2, 0xe0, 0xfb, 0xb2, 0xa0, 0x16, 0xc5, 0xc0, 0x61,
  0xf1, 0x2a, 0xf5, 0xf3, 0xf7, 0x13, 0xea, 0xd7, 0x9a, 0xd7, 0x12, 0xea,
  0x97, 0xd7, 0xfc, 0x82, 0xf6, 0xe2, 0xe5, 0xda, 0x51, 0x1e, 0x79, 0x43,
  0x73, 0x1c, 0x85, 0xdc, 0xec, 0x3a, 0x0f, 0x4a, 0x46, 0x0c, 0x7a, 0xa6,
  0xf7, 0xec, 0x1a, 0x7c, 0x68, 0x17, 0x7e, 0xaf, 0x2b, 0xc6, 0x55, 0xca,
  0x8f, 0x1c, 0x0e, 0xbe, 0x94, 0xab, 0x66, 0x65, 0x1b, 0xd4, 0xfd, 0x66,
  0xc9, 0xa0, 0xb2, 0xb1, 0x60, 0x4a, 0xbb, 0x73, 0x1d, 0x86, 0x73, 0xd3,
  0x6a, 0x1f, 0x1f, 0xd8, 0x6b, 0x4c, 0xbd, 0xc9, 0x6f, 0x82, 0x58, 0x90,
  0x9c, 0x8c, 0x0a, 0x7a, 0x13, 0x9a, 0x8e, 0x99, 0xc5, 0x49, 0x88, 0x91,
  0x42, 0xca, 0x43, 0x82, 0xd7, 0xb5, 0xba, 0x8a, 0x4c, 0x80, 0x00, 0x20,
  0xd5, 0xa2, 0xc6, 0xd9, 0x54, 0x8c, 0x11, 0xcd, 0x8e, 0x81, 0xa8, 0x2d,
  0xaa, 0xf6, 0x98, 0x18, 0xa3, 0x51, 0x27, 0x62, 0x81, 0x10, 0x7c, 0xeb,
  0xed, 0xee, 0xa4, 0x5b, 0x6f, 0x80, 0xe4, 0xb2, 0xa3, 0xac, 0x1a, 0x3d,
  0xed, 0xc6, 0x01, 0xe5, 0x89, 0xba, 0xfa, 0xed, 0xf9, 0xd5, 0x4a, 0xdf,
  0x53, 0x6b, 0xbd, 0x46, 0xde, 0x15, 0x39, 0x19, 0xde, 0xad, 0x7a, 0xac,
  0x5e, 0xc9, 0xc2, 0x37, 0xc7, 0xc4, 0xc5, 0xf8, 0x55, 0x1b, 0x83, 0xed,
  0xcc, 0xb7, 0x72, 0x5d, 0xc9, 0xb2, 0xae, 0xc3, 0x34, 0xbc, 0x69, 0x76,
  0xd5, 0x04, 0xfc, 0xa1, 0x7f, 0x2d, 0xf1, 0x2c, 0xbc, 0x21, 0xa7, 0xcc,
  0x49, 0xe7, 0x8a, 0xec, 0x2a, 0x8f, 0x0c, 0x32, 0x36, 0x7f, 0x0a, 0x8b,
  0x0c, 0x00, 0x85, 0x71, 0x76, 0x84, 0x32, 0x29, 0xc1, 0x96, 0xe0, 0x63,
  0x6f, 0x45, 0xc7, 0xd9, 0x56, 0x3e, 0x34, 0xe1, 0xe9, 0x78, 0xcf, 0x87,
  0x4e, 0x9f, 0x6b, 0x24, 0x69, 0x70, 0x93, 0x24, 0xa8, 0xd2, 0x12, 0x14,
  0x63, 0x20, 0xf4, 0x1e, 0x46, 0x86, 0xc7, 0x64, 0xb6, 0xf1, 0x47, 0x6e,
  0xe1, 0x1a, 0x48, 0x94, 0x23, 0x36, 0x6f, 0x3a, 0x8d, 0x8f, 0xa7, 0x85,
  0x23, 0x36, 0x49, 0xf9, 0x53, 0x1b, 0xe5, 0x6c, 0x3c, 0x72, 0xd5, 0xb7,
  0xfe, 0x86, 0xed, 0xe3, 0x50, 0xdb, 0xdd, 0x20, 0xff, 0x00, 0xa9, 0xb8,
  0x1f, 0xe0, 0xa2, 0x68, 0x50, 0x02, 0x05, 0xec, 0x60, 0xff, 0x00, 0xce,
  0xcd, 0xfe, 0x4a, 0x8c, 0x6c, 0x95, 0x82, 0x91, 0x2a, 0x8c, 0x78, 0x66,
  0xef, 0xf9, 0x53, 0xe1, 0xd6, 0xdf, 0x1d, 0xf1, 0x9f, 0xe1, 0x92, 0xe4,
  0x7e, 0x2b, 0x5c, 0xfa, 0x5b, 0xf5, 0x34, 0xa6, 0x04, 0x6d, 0x13, 0x4b,
  0x88, 0x2f, 0xcf, 0xdc, 0x39, 0x03, 0x7c, 0x94, 0xff, 0x00, 0x2d, 0x32,
  0xba, 0x3d, 0x9b, 0x00, 0x1e, 0xe1, 0x50, 0x67, 0xa9, 0x11, 0x9f, 0xf0,
  0xd5, 0x89, 0xed, 0x55, 0x1c, 0xb7, 0x22, 0x67, 0xd4, 0x52, 0x51, 0x21,
  0x95, 0xc6, 0x6c, 0xe2, 0x73, 0xd3, 0x75, 0xcd, 0x75, 0xa6, 0x65, 0x99,
  0x5f, 0x77, 0xa8, 0x1d, 0x2c, 0x74, 0xed, 0x3a, 0x19, 0xa7, 0x8b, 0x52,
  0x75, 0x99, 0x10, 0x91, 0xd9, 0x44, 0x80, 0xf4, 0xe9, 0x90, 0xa2, 0xab,
  0x3a, 0x3d, 0xda, 0x2d, 0xe7, 0x3c, 0x90, 0x99, 0x30, 0x73, 0x57, 0x2e,
  0x2a, 0x8a, 0x1d, 0x33, 0x40, 0xb8, 0x90, 0xc3, 0x6f, 0x1b, 0x4b, 0x88,
  0xd4, 0x2a, 0x60, 0xe4, 0xff, 0x00, 0xe2, 0xa8, 0x1a, 0x7e, 0xaa, 0x2d,
  0xca, 0xa5, 0xb4, 0x61, 0xa4, 0x3d, 0x64, 0x61, 0xf8, 0x56, 0xac, 0x51,
  0x3d, 0xad, 0xc8, 0xbb, 0x6f, 0xc3, 0x2d, 0xbc, 0x4b, 0x39, 0xb8, 0xb1,
  0xb3, 0x91, 0x10, 0x47, 0xdf, 0x23, 0xbf, 0x9e, 0x98, 0xf4, 0xa0, 0x31,
  0x32, 0x37, 0x9e, 0x7d, 0x68, 0xb6, 0xad, 0x2c, 0xcd, 0xa3, 0xc0, 0xee,
  0x19, 0xd8, 0xca, 0xbd, 0xd1, 0xee, 0x34, 0x36, 0x16, 0x8d, 0x86, 0x40,
  0xab, 0xc7, 0xc4, 0x82, 0xc9, 0x51, 0x05, 0x35, 0x2a, 0x28, 0x0c, 0x8e,
  0x00, 0x15, 0x1a, 0x00, 0x09, 0xdc, 0xed, 0x45, 0xa0, 0xb9, 0x8e, 0x25,
  0xc2, 0x8c, 0x9a, 0xaa, 0x7a, 0x29, 0x04, 0x6c, 0xe0, 0x4b, 0x64, 0xe6,
  0x7f, 0xda, 0xf0, 0x14, 0x5b, 0x4d, 0xb5, 0xed, 0xae, 0x15, 0xdb, 0xab,
  0x1f, 0xb2, 0x81, 0x41, 0x31, 0x91, 0x81, 0x6a, 0xb2, 0xe9, 0x73, 0x0e,
  0x6e, 0x6f, 0x2a, 0xcd, 0x63, 0x24, 0x37, 0xc4, 0xad, 0x09, 0xe1, 0xcd,
  0x47, 0xb4, 0x6e, 0x58, 0x12, 0x02, 0x09, 0xf4, 0xac, 0xc6, 0xc6, 0xf6,
  0x21, 0x10, 0x5b, 0x59, 0x41, 0x4f, 0x20, 0x77, 0xab, 0xde, 0xaf, 0x70,
  0x97, 0x9a, 0x0e, 0xaf, 0x13, 0x7e, 0xcf, 0xb3, 0x39, 0xdb, 0xd0, 0x67,
  0xf2, 0xac, 0x3a, 0xde, 0xe2, 0x14, 0x70, 0xcb, 0x23, 0x46, 0xf4, 0x7d,
  0x36, 0x3e, 0xe9, 0x68, 0x96, 0xf4, 0x6c, 0x5a, 0x05, 0xd3, 0x7b, 0x54,
  0x0a, 0x4a, 0x85, 0x76, 0x0a, 0x4b, 0xf4, 0x1e, 0xa6, 0xac, 0xbf, 0xab,
  0x29, 0x3d, 0xcd, 0xc3, 0x2d, 0x85, 0xf1, 0xef, 0xb1, 0xca, 0xcc, 0x40,
  0x3b, 0x9d, 0xc7, 0x7a, 0xa8, 0x1a, 0x16, 0xab, 0xcb, 0x65, 0x1b, 0x72,
  0x86, 0x90, 0x78, 0xd7, 0xd0, 0x7a, 0x15, 0x84, 0x3a, 0xa6, 0x8d, 0x65,
  0x7a, 0x51, 0xd5, 0xa5, 0x89, 0x58, 0xe3, 0xcf, 0x1b, 0xf8, 0xd4, 0x8e,
  0x83, 0x1f, 0x51, 0x6f, 0xbd, 0xb4, 0xd7, 0xa0, 0x19, 0x3a, 0x8a, 0xc6,
  0x93, 0x94, 0x8c, 0xe1, 0xb8, 0x62, 0x54, 0xc9, 0x36, 0x9a, 0x92, 0x2f,
  0x87, 0xd2, 0x1b, 0xfc, 0xd4, 0xb4, 0xe1, 0xfb, 0x73, 0x17, 0x3c, 0xb6,
  0x7a, 0xa1, 0xdf, 0x19, 0x12, 0x48, 0xdf, 0x83, 0x56, 0xb1, 0xfa, 0x06,
  0x37, 0x03, 0xe7, 0x27, 0x1e, 0x83, 0x15, 0x26, 0xdf, 0x44, 0x8e, 0x00,
  0x70, 0xf3, 0x10, 0x4f, 0x98, 0xa3, 0x7f, 0x06, 0xc0, 0xbf, 0xbe, 0x85,
  0x7f, 0x5d, 0x97, 0xd1, 0x1f, 0xff, 0xd9
};
unsigned int coop_portrait_bellamy_jpg_len = 3439;

unsigned char coop_portrait_grant_lockwood_jpg[] = {
  0xff, 0xd8, 0xff, 0xe0, 0x00, 0x10, 0x4a, 0x46, 0x49, 0x46, 0x00, 0x01,
  0x01, 0x00, 0x00, 0x01, 0x00, 0x01, 0x00, 0x00, 0xff, 0xdb, 0x00, 0x43,
  0x00, 0x04, 0x03, 0x03, 0x04, 0x03, 0x03, 0x04, 0x04, 0x04, 0x04, 0x05,
  0x05, 0x04, 0x05, 0x07, 0x0b, 0x07, 0x07, 0x06, 0x06, 0x07, 0x0e, 0x0a,
  0x0a, 0x08, 0x0b, 0x10, 0x0e, 0x11, 0x11, 0x10, 0x0e, 0x10, 0x0f, 0x12,
  0x14, 0x1a, 0x16, 0x12, 0x13, 0x18, 0x13, 0x0f, 0x10, 0x16, 0x1f, 0x17,
  0x18, 0x1b, 0x1b, 0x1d, 0x1d, 0x1d, 0x11, 0x16, 0x20, 0x22, 0x1f, 0x1c,
  0x22, 0x1a, 0x1c, 0x1d, 0x1c, 0xff, 0xdb, 0x00, 0x43, 0x01, 0x05, 0x05,
  0x05, 0x07, 0x06, 0x07, 0x0d, 0x07, 0x07, 0x0d, 0x1c, 0x12, 0x10, 0x12,
  0x1c, 0x1c, 0x1c, 0x1c, 0x1c, 0x1c, 0x1c, 0x1c, 0x1c, 0x1c, 0x1c, 0x1c,
  0x1c, 0x1c, 0x1c, 0x1c, 0x1c, 0x1c, 0x1c, 0x1c, 0x1c, 0x1c, 0x1c, 0x1c,
  0x1c, 0x1c, 0x1c, 0x1c, 0x1c, 0x1c, 0x1c, 0x1c, 0x1c, 0x1c, 0x1c, 0x1c,
  0x1c, 0x1c, 0x1c, 0x1c, 0x1c, 0x1c, 0x1c, 0x1c, 0x1c, 0x1c, 0x1c, 0x1c,
  0x1c, 0x1c, 0xff, 0xc0, 0x00, 0x11, 0x08, 0x00, 0x80, 0x00, 0x80, 0x03,
  0x01, 0x22, 0x00, 0x02, 0x11, 0x01, 0x03, 0x11, 0x01, 0xff, 0xc4, 0x00,
  0x1d, 0x00, 0x00, 0x02, 0x03, 0x01, 0x01, 0x01, 0x01, 0x01, 0x00, 0x00,
  0x00, 0x00, 0x00, 0x00, 0x00, 0x00, 0x04, 0x05, 0x02, 0x03, 0x06, 0x07,
  0x01, 0x08, 0x00, 0x09, 0xff, 0xc4, 0x00, 0x42, 0x10, 0x00, 0x02, 0x01,
  0x03, 0x02, 0x03, 0x05, 0x04, 0x06, 0x07, 0x05, 0x09, 0x00, 0x00, 0x00,
  0x00, 0x01, 0x02, 0x03, 0x00, 0x04, 0x11, 0x05, 0x21, 0x06, 0x12, 0x31,
  0x13, 0x22, 0x41, 0x51, 0x61, 0x14, 0x71, 0x81, 0x91, 0x07, 0x16, 0x32,
  0xa1, 0xb1, 0xc1, 0x15, 0x23, 0x24, 0x42, 0x52, 0x72, 0xd1, 0x08, 0x62,
  0xb2, 0xc2, 0xd2, 0x25, 0x33, 0x35, 0x43, 0x73, 0x74, 0x84, 0x93, 0xe1,
  0xff, 0xc4, 0x00, 0x19, 0x01, 0x00, 0x02, 0x03, 0x01, 0x00, 0x00, 0x00,
  0x00, 0x00, 0x00, 0x00, 0x00, 0x00, 0x00, 0x00, 0x00, 0x02, 0x04, 0x00,
  0x01, 0x03, 0x05, 0xff, 0xc4, 0x00, 0x29, 0x11, 0x00, 0x02, 0x02, 0x01,
  0x02, 0x04, 0x05, 0x05, 0x01, 0x00, 0x00, 0x00, 0x00, 0x00, 0x00, 0x00,
  0x00, 0x01, 0x02, 0x11, 0x03, 0x21, 0x31, 0x04, 0x12, 0x41, 0x51, 0x05,
  0x13, 0x22, 0x71, 0x91, 0x14, 0x32, 0x33, 0x52, 0xb1, 0x61, 0xff, 0xda,
  0x00, 0x0c, 0x03, 0x01, 0x00, 0x02, 0x11, 0x03, 0x11, 0x00, 0x3f, 0x00,
  0xf8, 0xcd, 0x5c, 0x03, 0x40, 0xde, 0x4a, 0x46, 0x23, 0x5e, 0x87, 0x73,
  0x57, 0x25, 0xbc, 0xce, 0x32, 0xe4, 0x22, 0xf9, 0x78, 0xd0, 0x77, 0x28,
  0x44, 0xf8, 0x1b, 0xaf, 0x4d, 0xe8, 0x50, 0x6f, 0x60, 0x67, 0x38, 0x71,
  0xee, 0xa3, 0x61, 0x5c, 0xa0, 0x3e, 0xff, 0x00, 0xc2, 0x83, 0x97, 0x0a,
  0xc4, 0x78, 0x8c, 0x8a, 0x61, 0x66, 0xbc, 0xca, 0x14, 0xf8, 0x13, 0x8f,
  0x95, 0x42, 0x91, 0xfa, 0xef, 0x7b, 0x78, 0x07, 0xf7, 0x45, 0x02, 0x01,
  0xe4, 0x1f, 0xcc, 0x29, 0x8d, 0xca, 0x73, 0x25, 0xa8, 0x1f, 0xbc, 0xbf,
  0x95, 0x2f, 0xff, 0x00, 0x96, 0x3d, 0xe2, 0xa1, 0x3a, 0x87, 0x68, 0xe3,
  0xf6, 0xdb, 0x7f, 0xe7, 0xad, 0x1e, 0xb3, 0xff, 0x00, 0x0e, 0x4f, 0x7c,
  0x7f, 0xe1, 0x35, 0x9d, 0xd1, 0x9b, 0xf6, 0xeb, 0x71, 0xfd, 0xf1, 0x5a,
  0x5d, 0x6d, 0x71, 0xa6, 0x46, 0x7d, 0x63, 0xff, 0x00, 0x09, 0xa5, 0x32,
  0xfe, 0x68, 0x8c, 0xe3, 0xfc, 0x52, 0x33, 0x79, 0xaf, 0xd9, 0xeb, 0x5f,
  0xaa, 0x27, 0xa5, 0x34, 0x2c, 0x48, 0x9a, 0xfc, 0x3a, 0x54, 0x41, 0xc0,
  0xaf, 0xc0, 0xd4, 0x21, 0x60, 0xf3, 0xa6, 0x1a, 0x74, 0x06, 0x48, 0x2f,
  0x65, 0xcf, 0xfb, 0xb8, 0xf1, 0x8f, 0x3c, 0xe7, 0xfa, 0x52, 0xf5, 0x3b,
  0x53, 0x4d, 0x37, 0x9b, 0xd8, 0x35, 0x4c, 0x4a, 0xa9, 0xcb, 0x12, 0xb7,
  0x29, 0xce, 0x5f, 0xbc, 0x17, 0x03, 0xe0, 0xc4, 0xfc, 0x28, 0x27, 0xb1,
  0x71, 0xdc, 0x5e, 0x2a, 0x7c, 0xbb, 0x55, 0x7d, 0x2a, 0x41, 0xe8, 0xca,
  0x0d, 0x92, 0x07, 0x5c, 0x96, 0x56, 0xcf, 0xa8, 0xa4, 0xf7, 0x01, 0x4c,
  0x8a, 0xb9, 0x60, 0xe0, 0x92, 0xde, 0x44, 0x78, 0x53, 0xbb, 0x6e, 0x22,
  0xba, 0x75, 0xe5, 0x76, 0x49, 0x54, 0xf8, 0x3a, 0x83, 0x4b, 0x75, 0x25,
  0x83, 0x92, 0x19, 0x90, 0x15, 0x99, 0x83, 0x86, 0x03, 0xa7, 0x5d, 0xa8,
  0x62, 0xde, 0xcc, 0xd6, 0x49, 0x55, 0xa1, 0x3d, 0xc0, 0xe5, 0x63, 0x8f,
  0x2a, 0x6f, 0x66, 0x80, 0x88, 0x77, 0x07, 0x3b, 0xed, 0xee, 0x34, 0x9e,
  0x67, 0xe7, 0x39, 0xc6, 0x36, 0xa6, 0xba, 0x5c, 0xc6, 0x41, 0x08, 0x39,
  0x21, 0x5b, 0x19, 0xf2, 0x18, 0x34, 0x4f, 0x63, 0x34, 0x5a, 0xaa, 0x24,
  0xf6, 0x45, 0x3f, 0xba, 0x84, 0x9a, 0x58, 0xf1, 0x95, 0x85, 0xbf, 0x9b,
  0x6a, 0x6f, 0x66, 0x09, 0x56, 0x07, 0xaa, 0xab, 0x26, 0x7e, 0x34, 0x14,
  0xf0, 0xe6, 0xda, 0x36, 0xfe, 0x25, 0xdf, 0xde, 0x2a, 0x59, 0x74, 0x79,
  0xa1, 0xed, 0xa9, 0x5a, 0x83, 0xfc, 0x62, 0xb6, 0x5c, 0x4a, 0x8a, 0x9a,
  0x3d, 0xae, 0x07, 0x51, 0x19, 0x3e, 0xa7, 0x0d, 0x59, 0x7d, 0x2e, 0x28,
  0xed, 0xe5, 0x8a, 0xea, 0x47, 0x51, 0x1a, 0x3e, 0x49, 0x27, 0xae, 0x3c,
  0xa9, 0x96, 0xa5, 0xaf, 0xdb, 0x5f, 0x5a, 0x2d, 0xb9, 0x59, 0x4a, 0xa1,
  0x5c, 0x36, 0xc3, 0x60, 0x08, 0xfc, 0xe9, 0x5c, 0x90, 0x94, 0xb2, 0xc6,
  0x4b, 0x64, 0x6d, 0x8e, 0x49, 0x63, 0x69, 0xf5, 0x13, 0x6c, 0x6b, 0xce,
  0x95, 0x6c, 0x49, 0x14, 0xe3, 0x11, 0x4b, 0xfa, 0xcf, 0xe1, 0x61, 0x8c,
  0xfc, 0x6a, 0x12, 0xa3, 0x44, 0xcc, 0x8c, 0x0a, 0xb0, 0x38, 0x23, 0xca,
  0x9b, 0x17, 0xa2, 0x07, 0x7a, 0xfc, 0x05, 0x7a, 0x2a, 0x43, 0xca, 0xa8,
  0x84, 0x90, 0x53, 0x3b, 0x28, 0x58, 0xd8, 0xdf, 0xcd, 0xfb, 0x8a, 0x8a,
  0x87, 0xde, 0x58, 0x1f, 0xca, 0x96, 0xa8, 0xc5, 0x37, 0xb2, 0xed, 0x7f,
  0x41, 0xea, 0x65, 0x79, 0x79, 0x15, 0xa2, 0x0e, 0x49, 0x19, 0xdc, 0x9c,
  0x60, 0x7c, 0x28, 0x27, 0xb7, 0xc7, 0xf4, 0x28, 0x6e, 0x2a, 0x3e, 0xea,
  0xf0, 0x0d, 0xcd, 0x48, 0x0c, 0x8a, 0x88, 0xf1, 0xa3, 0x04, 0x16, 0x35,
  0x26, 0x40, 0x23, 0xce, 0x49, 0xc5, 0x46, 0x72, 0x1e, 0x69, 0x5f, 0x24,
  0x85, 0x20, 0x28, 0xcd, 0x5a, 0x49, 0x0a, 0x79, 0x4e, 0x0e, 0x3e, 0x54,
  0x3d, 0xaa, 0xf3, 0xf7, 0x76, 0x00, 0x30, 0xd8, 0xd4, 0xa2, 0xff, 0x00,
  0xc2, 0xa9, 0x61, 0x63, 0x96, 0x07, 0x70, 0x3e, 0xc9, 0xf0, 0x14, 0x66,
  0x83, 0x3a, 0xa4, 0xb2, 0x5b, 0xbe, 0xcc, 0xdf, 0x64, 0xfa, 0x8a, 0x36,
  0xfa, 0x04, 0x78, 0x55, 0x94, 0x72, 0xca, 0xbb, 0x12, 0x3c, 0x45, 0x29,
  0x8a, 0xdd, 0x9e, 0xe0, 0x1f, 0xb2, 0xc7, 0xc7, 0xd6, 0xa6, 0xe8, 0x9b,
  0x31, 0xe4, 0x47, 0x92, 0xfa, 0x78, 0x48, 0xc3, 0x4a, 0x39, 0x97, 0xd1,
  0x87, 0x51, 0x55, 0xb4, 0x3c, 0xd1, 0xcb, 0x1e, 0x3e, 0xc9, 0xe6, 0x1f,
  0x1e, 0xbf, 0x7d, 0x54, 0xdc, 0xd7, 0x1d, 0xed, 0xd6, 0xe2, 0x23, 0xd4,
  0xf5, 0xcd, 0x1f, 0x0b, 0x2c, 0xdc, 0x93, 0x01, 0x80, 0xdd, 0xd7, 0x1e,
  0x47, 0xc6, 0x83, 0x60, 0x84, 0xfa, 0xa2, 0x1b, 0x53, 0x6f, 0x00, 0xc9,
  0x0b, 0x12, 0x9c, 0x7a, 0x9d, 0xcd, 0x0b, 0xc9, 0x29, 0x1f, 0x60, 0x74,
  0xce, 0x33, 0xb9, 0xa7, 0x9a, 0xd3, 0xaa, 0x49, 0x7e, 0x59, 0x03, 0x13,
  0xc8, 0xaa, 0xc7, 0xaa, 0xe3, 0xc6, 0x95, 0xda, 0xc2, 0x6e, 0x65, 0x5e,
  0x79, 0x08, 0xe6, 0x39, 0x24, 0x7e, 0x35, 0x5c, 0xe6, 0x9c, 0x88, 0xf3,
  0x4c, 0x52, 0xf7, 0x71, 0xf3, 0x29, 0x03, 0x9a, 0x9e, 0x71, 0x25, 0xa8,
  0x86, 0xea, 0x29, 0x54, 0x0e, 0x59, 0x53, 0x7c, 0x79, 0x8d, 0xbf, 0xa5,
  0x10, 0xb1, 0xa4, 0x7c, 0x3c, 0x61, 0x28, 0x1a, 0xee, 0x3b, 0xc2, 0xfd,
  0xa8, 0x18, 0x2c, 0x9c, 0xbe, 0x3e, 0x7b, 0xd5, 0xf7, 0xf0, 0x49, 0xa9,
  0x93, 0x04, 0x63, 0x3d, 0x85, 0xb3, 0xdd, 0xbb, 0x1f, 0x00, 0x36, 0xc5,
  0x0c, 0x32, 0xf3, 0x36, 0x16, 0x4c, 0x3c, 0x91, 0xa3, 0x30, 0x2a, 0x4b,
  0x5e, 0x74, 0xa9, 0x2e, 0xf5, 0xb0, 0xb1, 0x60, 0x18, 0x14, 0xc6, 0xce,
  0x36, 0xfd, 0x13, 0xa8, 0x48, 0x47, 0x70, 0x98, 0xd4, 0x37, 0xae, 0x69,
  0x6e, 0x69, 0xc4, 0x06, 0x45, 0xe1, 0xab, 0xbe, 0x54, 0x3d, 0x9f, 0xb4,
  0x22, 0xbb, 0xe3, 0x60, 0x48, 0x24, 0x0c, 0xf9, 0xf7, 0x4d, 0x04, 0xd6,
  0x9f, 0x1f, 0xd0, 0xa2, 0xf5, 0x14, 0xb6, 0x73, 0x81, 0x5e, 0x2a, 0xe3,
  0x35, 0xea, 0x8d, 0xf3, 0x9a, 0xb7, 0x03, 0xad, 0x19, 0x48, 0x55, 0x04,
  0x9d, 0xb4, 0xbc, 0xa7, 0xa1, 0x38, 0xa9, 0xdb, 0x80, 0x27, 0x7f, 0x3f,
  0x0a, 0x0e, 0xdc, 0x9e, 0xd8, 0x67, 0xc7, 0xf1, 0xa6, 0x90, 0x5b, 0x97,
  0xb8, 0xdb, 0xa7, 0x5a, 0x84, 0x43, 0x28, 0x53, 0xb7, 0x8d, 0x93, 0xa9,
  0xc6, 0xd4, 0xb8, 0x82, 0x9c, 0xe3, 0x00, 0xe7, 0x6d, 0xe9, 0xf5, 0x95,
  0xab, 0x2b, 0x03, 0x43, 0x6b, 0x36, 0x26, 0xd6, 0xf1, 0x8f, 0x2e, 0x12,
  0x51, 0xce, 0xbf, 0x1a, 0x15, 0x25, 0x74, 0x1b, 0x5a, 0x58, 0xa2, 0xd6,
  0x56, 0x12, 0x96, 0x7c, 0x96, 0x5d, 0x98, 0x7f, 0x12, 0xff, 0x00, 0x51,
  0x46, 0x97, 0x16, 0x53, 0xcc, 0x8c, 0xc3, 0xb3, 0xf1, 0x23, 0x71, 0xe8,
  0x68, 0x33, 0x0b, 0x9c, 0xbc, 0x63, 0x2e, 0x9d, 0xed, 0xbc, 0xbc, 0x68,
  0xf9, 0xa4, 0x4b, 0xad, 0x3e, 0x26, 0xec, 0x97, 0xb6, 0xb7, 0x5e, 0x5c,
  0x74, 0xed, 0x50, 0x9e, 0x9e, 0xf1, 0x51, 0x94, 0x8a, 0xaf, 0x1d, 0x6f,
  0xb4, 0xeb, 0x99, 0xd5, 0x87, 0x38, 0x31, 0xf3, 0x02, 0x77, 0xf1, 0x07,
  0xf2, 0xa6, 0x7a, 0x36, 0x89, 0xa8, 0xb9, 0xb6, 0x92, 0x3b, 0x74, 0x68,
  0x91, 0x73, 0xcc, 0x36, 0x39, 0xf5, 0xa8, 0x6b, 0x9c, 0x25, 0x7b, 0x63,
  0xa4, 0x43, 0xac, 0xdb, 0xac, 0x72, 0x68, 0xee, 0xc1, 0x04, 0xb1, 0x38,
  0x62, 0xa4, 0x8c, 0xf2, 0x30, 0x07, 0x63, 0xd4, 0x6f, 0xe2, 0x28, 0xfd,
  0x3f, 0x8f, 0x2c, 0xf4, 0xeb, 0x74, 0x81, 0x6d, 0x6e, 0x25, 0x28, 0x00,
  0xe6, 0x5c, 0x00, 0x69, 0x6c, 0x8d, 0xca, 0x3e, 0x85, 0x63, 0x50, 0xe5,
  0x5f, 0x73, 0xaa, 0x1f, 0x8b, 0x36, 0xba, 0x80, 0x36, 0xac, 0x60, 0xb1,
  0x8d, 0x63, 0x2e, 0xed, 0xd0, 0x0e, 0x55, 0xc7, 0xcc, 0xfe, 0x75, 0x9a,
  0x8a, 0xee, 0xd6, 0x58, 0x66, 0x08, 0x1e, 0x46, 0xba, 0x44, 0x84, 0x10,
  0xfc, 0xa5, 0x00, 0x3b, 0x81, 0xef, 0x3e, 0x7e, 0x15, 0xee, 0xb9, 0xad,
  0x7d, 0x73, 0xb9, 0xd3, 0xf4, 0xfd, 0x32, 0xde, 0x44, 0x92, 0x79, 0x15,
  0x19, 0x5c, 0x6e, 0xce, 0x4e, 0x14, 0x7a, 0xe2, 0xb6, 0x1a, 0xde, 0x83,
  0xa3, 0xf0, 0x6c, 0x70, 0x68, 0xa6, 0xe1, 0x2e, 0xf5, 0x66, 0xbe, 0x44,
  0x9a, 0xe4, 0x8c, 0x22, 0x04, 0xfb, 0x41, 0x76, 0xf3, 0x20, 0x67, 0xd0,
  0x8a, 0xc7, 0x0c, 0x7c, 0xa5, 0x4f, 0x77, 0xd3, 0xb1, 0xbf, 0x13, 0x9f,
  0xea, 0x1d, 0xbe, 0x8b, 0x7e, 0xe7, 0x2e, 0x68, 0xc3, 0x89, 0x24, 0x8b,
  0x98, 0xc4, 0xac, 0x57, 0x71, 0xb8, 0xf7, 0xd4, 0x47, 0x4f, 0x5a, 0xd1,
  0x6a, 0xbc, 0x3d, 0x77, 0xa3, 0xda, 0xdc, 0x4a, 0xea, 0xab, 0x14, 0x8c,
  0x09, 0x6c, 0xfd, 0xa0, 0xcc, 0x08, 0x03, 0xe4, 0x0e, 0x2b, 0x3a, 0xbe,
  0x34, 0xfc, 0x5d, 0xab, 0x39, 0x8d, 0x51, 0xef, 0x2e, 0x69, 0xb5, 0xb6,
  0x7f, 0x40, 0x5e, 0x82, 0x4e, 0x3d, 0xa2, 0x2f, 0xf0, 0xbd, 0x29, 0x1b,
  0x53, 0xd6, 0x98, 0x7d, 0x58, 0x48, 0xc2, 0x01, 0xcd, 0x73, 0xbb, 0x0f,
  0x02, 0x17, 0xff, 0x00, 0xb5, 0x53, 0x56, 0xbe, 0x3f, 0xa5, 0xc7, 0x71,
  0x38, 0x5a, 0x92, 0xe4, 0x9f, 0x4a, 0x88, 0xdf, 0xa5, 0x5c, 0xbb, 0x55,
  0x94, 0x67, 0x4e, 0x62, 0x70, 0x7c, 0x41, 0xad, 0x4f, 0x0f, 0xdb, 0xfb,
  0x4c, 0xd3, 0x21, 0xea, 0x00, 0x22, 0x99, 0xdd, 0xfd, 0x15, 0x71, 0x04,
  0xb2, 0xc8, 0x62, 0x8a, 0xdd, 0x90, 0xb6, 0x41, 0xed, 0xc5, 0x69, 0x78,
  0x63, 0xe8, 0xf3, 0x58, 0xb0, 0xba, 0x32, 0x4f, 0x14, 0x41, 0x4a, 0x72,
  0xf7, 0x64, 0x06, 0xb2, 0x9f, 0x11, 0x8f, 0x95, 0xd4, 0x91, 0xb4, 0x70,
  0xcd, 0x3d, 0x50, 0x1c, 0x5a, 0x69, 0x50, 0x31, 0xb6, 0x2a, 0x9e, 0x21,
  0xb2, 0x33, 0x58, 0x45, 0x26, 0x32, 0xf0, 0x1e, 0x52, 0x7d, 0x0d, 0x74,
  0x95, 0xe0, 0xeb, 0xb6, 0x41, 0xc8, 0x89, 0x9f, 0x22, 0xd4, 0xab, 0x88,
  0x74, 0x03, 0xa2, 0x69, 0xb3, 0xdc, 0x6a, 0x72, 0xc7, 0x15, 0xb1, 0x1c,
  0xa4, 0x8e, 0xf1, 0x27, 0xc0, 0x01, 0xb5, 0x2b, 0x0c, 0xe9, 0xc9, 0x53,
  0x36, 0x78, 0x9a, 0x5b, 0x1c, 0x7d, 0x61, 0x68, 0xca, 0x38, 0xc8, 0x62,
  0x76, 0xf5, 0xa3, 0xe7, 0xb3, 0x85, 0x25, 0x82, 0x31, 0x2a, 0xf4, 0x90,
  0xe0, 0x0c, 0x05, 0x38, 0xd9, 0x73, 0xe3, 0xbd, 0x51, 0x75, 0x7c, 0x9e,
  0xda, 0xd3, 0x47, 0xb2, 0x44, 0x84, 0xa7, 0xbf, 0x1b, 0x1f, 0x9e, 0x29,
  0x5b, 0xdc, 0x48, 0xf0, 0xc6, 0x49, 0xcb, 0x17, 0x38, 0x63, 0xe7, 0x4e,
  0xdb, 0x96, 0xa6, 0x34, 0xa2, 0xda, 0x63, 0x6d, 0x27, 0x8b, 0xf5, 0x0e,
  0x1d, 0xd1, 0xb5, 0x3d, 0x26, 0x38, 0x2d, 0xee, 0x2c, 0x75, 0x14, 0x09,
  0x2a, 0x5c, 0x29, 0x65, 0x04, 0x1c, 0xab, 0xae, 0x08, 0xc3, 0x0c, 0x9d,
  0xe8, 0xae, 0x10, 0xe2, 0xad, 0x1f, 0x42, 0xb3, 0xb8, 0x4d, 0x47, 0x87,
  0xc5, 0xfd, 0xc3, 0x36, 0x56, 0x51, 0x3f, 0x20, 0x51, 0xe5, 0x8c, 0x1a,
  0xce, 0x05, 0x2e, 0xdc, 0xbd, 0xa0, 0xf8, 0x8a, 0x36, 0xde, 0xd4, 0x2b,
  0x73, 0x13, 0x17, 0xcb, 0x35, 0x4e, 0x11, 0x69, 0xda, 0xdc, 0x14, 0xd8,
  0xcd, 0x78, 0x86, 0xfa, 0x4e, 0x2c, 0xfd, 0x35, 0xa1, 0x59, 0xad, 0x8c,
  0xe9, 0x22, 0xc9, 0x0c, 0x68, 0x04, 0x82, 0x22, 0x06, 0x33, 0x92, 0x31,
  0xe1, 0x9a, 0x22, 0x63, 0x73, 0xab, 0xde, 0xdd, 0x5d, 0xea, 0x57, 0x3e,
  0xd3, 0x77, 0x74, 0xfc, 0xf3, 0x4c, 0x31, 0x80, 0x73, 0x9c, 0x0f, 0x0e,
  0xbe, 0x54, 0x2c, 0x31, 0xc4, 0xa9, 0xca, 0xcc, 0xce, 0x3f, 0x84, 0x6c,
  0x3e, 0xea, 0xf2, 0xe3, 0x54, 0x4b, 0x71, 0xcb, 0x8c, 0x95, 0xe8, 0xa3,
  0xa5, 0x0d, 0x6b, 0xa1, 0xa2, 0xd1, 0x5b, 0x2e, 0xe2, 0x11, 0x73, 0x75,
  0x70, 0x81, 0xe7, 0x2f, 0x1a, 0x64, 0x20, 0x20, 0x05, 0x5d, 0x86, 0xdb,
  0x78, 0xf4, 0xac, 0xf0, 0xea, 0x73, 0xb6, 0x28, 0x98, 0x2e, 0x9e, 0x6e,
  0x6e, 0x66, 0x25, 0x8b, 0xf3, 0x12, 0x6a, 0x68, 0xa9, 0x7b, 0x31, 0x8b,
  0x94, 0x46, 0xe0, 0xe0, 0x38, 0x1b, 0x7c, 0x6b, 0x48, 0xba, 0xd1, 0x99,
  0xca, 0x29, 0xeb, 0x10, 0x41, 0x4e, 0x55, 0xd8, 0xf0, 0xc8, 0x8f, 0x98,
  0xf2, 0x8b, 0xd2, 0xc0, 0x7a, 0xf6, 0x74, 0xae, 0x68, 0x5e, 0xde, 0x42,
  0x8f, 0x82, 0x7c, 0x0a, 0x9c, 0x83, 0xea, 0x0d, 0x36, 0x99, 0x91, 0x38,
  0x6e, 0xc9, 0x15, 0x40, 0x79, 0x26, 0x77, 0x66, 0xcf, 0x5c, 0x64, 0x55,
  0x4f, 0x5a, 0xa0, 0x23, 0xa5, 0x8b, 0x54, 0x62, 0xa4, 0x17, 0xe5, 0x50,
  0x43, 0x9f, 0x1a, 0xb5, 0x76, 0xab, 0x29, 0x07, 0xc7, 0x24, 0xd1, 0x8c,
  0x25, 0xc4, 0xa8, 0x0f, 0x93, 0x91, 0x56, 0xad, 0xcd, 0xd7, 0x85, 0xdd,
  0xc7, 0xfe, 0xc3, 0x57, 0xde, 0xe9, 0x17, 0x1a, 0x7c, 0x2b, 0x2c, 0x87,
  0x2a, 0xc1, 0x48, 0xdb, 0xae, 0x6b, 0x6b, 0xc2, 0xdf, 0x43, 0xfa, 0xd7,
  0x15, 0xea, 0xb6, 0x9a, 0x75, 0xb5, 0xcd, 0xa4, 0x53, 0x5c, 0xb9, 0x44,
  0x69, 0x59, 0x80, 0x07, 0x04, 0xef, 0x80, 0x7c, 0xa9, 0x29, 0x4a, 0x31,
  0x56, 0xd9, 0xdb, 0x59, 0x60, 0xcc, 0x1f, 0xb6, 0x5e, 0xa9, 0x3f, 0xb6,
  0x5c, 0xfc, 0x24, 0x6a, 0x55, 0xac, 0xdd, 0xdd, 0x19, 0x51, 0x67, 0x9e,
  0x59, 0x15, 0x54, 0x10, 0x1d, 0xcb, 0x03, 0x9a, 0xef, 0x9a, 0xef, 0xf6,
  0x64, 0xe2, 0xbd, 0x02, 0x57, 0x49, 0xef, 0xf4, 0xc7, 0x28, 0x37, 0x28,
  0xef, 0x8f, 0xbd, 0x6b, 0x8f, 0xeb, 0x1a, 0x1f, 0xb0, 0xde, 0xdc, 0x59,
  0x4e, 0x63, 0x33, 0x42, 0xfc, 0xad, 0x83, 0xb1, 0x3e, 0x99, 0xa9, 0x8b,
  0x3c, 0x1b, 0xd3, 0x50, 0x27, 0x8f, 0xce, 0x8f, 0x2c, 0x19, 0x9d, 0x8a,
  0x64, 0x55, 0xbb, 0x8d, 0x21, 0x6e, 0x51, 0x1f, 0x2e, 0x5b, 0xc4, 0x64,
  0x50, 0x11, 0x23, 0x06, 0x5c, 0xe4, 0x6e, 0x06, 0x69, 0xd2, 0x5b, 0xbf,
  0xb5, 0xcc, 0x92, 0x12, 0x46, 0xfc, 0xc3, 0xce, 0xae, 0x5b, 0x48, 0x50,
  0xe4, 0x46, 0xbe, 0xfc, 0x56, 0xd2, 0xca, 0xa2, 0x63, 0x87, 0x83, 0x9e,
  0x45, 0x77, 0xb3, 0x11, 0x4d, 0x3b, 0x76, 0x98, 0x0b, 0x9e, 0x4e, 0xe8,
  0x39, 0x27, 0x6c, 0xd4, 0xe3, 0xba, 0x70, 0xad, 0x94, 0x50, 0x7c, 0xce,
  0x69, 0xe8, 0x82, 0x35, 0xfd, 0xc5, 0xf9, 0x50, 0x3a, 0x9c, 0x6a, 0xb0,
  0x29, 0x08, 0x01, 0xe6, 0xea, 0x05, 0x48, 0x67, 0x52, 0x7c, 0xb4, 0x5e,
  0x6e, 0x02, 0x58, 0xe2, 0xe7, 0x60, 0x46, 0xf6, 0x57, 0x07, 0x0c, 0x00,
  0x3e, 0x0b, 0xb5, 0x53, 0xde, 0x3e, 0x19, 0xa9, 0x43, 0x0b, 0x4f, 0x2a,
  0xc5, 0x1a, 0x16, 0x76, 0x38, 0x01, 0x46, 0x4d, 0x14, 0xb6, 0x72, 0xc2,
  0xec, 0xad, 0x1b, 0x23, 0x26, 0xe4, 0x30, 0xfb, 0xf1, 0x5b, 0xe8, 0x8e,
  0x7e, 0xac, 0x8d, 0xb4, 0xc9, 0x12, 0x0e, 0xd3, 0x20, 0x73, 0x79, 0x51,
  0x73, 0x21, 0x13, 0x1b, 0x48, 0x4e, 0xf9, 0xcb, 0xb8, 0xf1, 0xf4, 0xa2,
  0xed, 0x22, 0x68, 0x8a, 0x10, 0xa8, 0xc5, 0xce, 0xf9, 0x40, 0x7f, 0x1a,
  0x21, 0x65, 0x44, 0x9d, 0xc5, 0xa4, 0x5d, 0xad, 0xd3, 0x36, 0x5a, 0x4e,
  0x5e, 0xea, 0x9f, 0x41, 0xe3, 0xf8, 0x50, 0x37, 0xa9, 0xa2, 0x55, 0xa3,
  0x1a, 0x1e, 0x19, 0xb6, 0x5e, 0x13, 0xb8, 0xb9, 0x0e, 0x5e, 0xe2, 0x34,
  0x12, 0xae, 0xfb, 0x2e, 0xfd, 0xe1, 0xf2, 0xa4, 0x52, 0x05, 0xfa, 0xbd,
  0x63, 0xdd, 0x5c, 0xfb, 0x44, 0xd9, 0x20, 0x6e, 0x7b, 0xa9, 0xd6, 0xb7,
  0xf7, 0xd1, 0xae, 0x9f, 0xc1, 0x77, 0xdd, 0xa1, 0x2c, 0xe6, 0xdc, 0x2e,
  0xc7, 0xc5, 0x88, 0x1f, 0x89, 0xac, 0xc3, 0x70, 0xd6, 0xa7, 0x75, 0xa1,
  0x69, 0x8b, 0x65, 0xa7, 0x5c, 0x4e, 0x5f, 0x9e, 0x76, 0x74, 0x19, 0x5e,
  0xf6, 0x00, 0xf8, 0xf7, 0x69, 0x3c, 0x19, 0x6e, 0x3c, 0xd2, 0x96, 0x97,
  0xd7, 0xd8, 0xe8, 0x78, 0xa6, 0x08, 0xe3, 0xc9, 0x18, 0xc2, 0x35, 0xe9,
  0x5b, 0x7b, 0x99, 0x61, 0xcb, 0xe0, 0x71, 0x53, 0x0d, 0xcb, 0xea, 0x29,
  0xc7, 0xd4, 0xae, 0x21, 0x2c, 0x3f, 0xd8, 0xd7, 0x98, 0xff, 0x00, 0xa7,
  0x56, 0x8e, 0x0a, 0xe2, 0x1f, 0x0d, 0x16, 0xf8, 0xfb, 0xa2, 0x34, 0xd7,
  0x9f, 0x8b, 0xf6, 0x5f, 0x28, 0xe5, 0x79, 0x73, 0xec, 0xcd, 0x9f, 0x12,
  0xcd, 0x6a, 0xba, 0x75, 0xad, 0xbb, 0x05, 0x7b, 0x82, 0x23, 0x45, 0x20,
  0xf4, 0xdc, 0x57, 0x7f, 0xfa, 0x17, 0x68, 0x2e, 0xf8, 0xef, 0x46, 0x8a,
  0x22, 0xa5, 0xbb, 0x4e, 0xd3, 0x9b, 0x3b, 0x01, 0xd9, 0xd7, 0xcb, 0x7a,
  0x67, 0x0a, 0x71, 0x0f, 0x15, 0x6b, 0x16, 0xd6, 0x96, 0x57, 0x16, 0x52,
  0x5d, 0x36, 0x59, 0x16, 0x69, 0xbb, 0x25, 0xee, 0x8c, 0xe7, 0x99, 0xc0,
  0x1e, 0x1e, 0x75, 0xd7, 0x78, 0x53, 0xe8, 0xef, 0xe9, 0x87, 0x82, 0xb5,
  0x3b, 0x7d, 0x56, 0xc1, 0x34, 0x33, 0x2c, 0x6a, 0x42, 0xf6, 0x9a, 0x95,
  0xbb, 0x0c, 0x11, 0x8e, 0x9c, 0xf4, 0x8e, 0x5c, 0x70, 0xe5, 0xa5, 0x25,
  0x7a, 0x8c, 0xa9, 0xbd, 0x9a, 0x3e, 0xca, 0xfa, 0x56, 0xb0, 0x85, 0x74,
  0xad, 0x52, 0xf2, 0x34, 0x33, 0x4b, 0x6b, 0x6d, 0x24, 0xc6, 0x38, 0xc7,
  0x31, 0x62, 0xaa, 0x48, 0x50, 0x3c, 0xce, 0x2b, 0xf9, 0x95, 0xc4, 0x3a,
  0xed, 0xc6, 0xb7, 0xaa, 0xdd, 0xdf, 0xcd, 0x67, 0x1c, 0x6f, 0x70, 0xdc,
  0xcc, 0x88, 0x0f, 0x28, 0x3e, 0x99, 0xaf, 0xac, 0x75, 0xae, 0x38, 0xfa,
  0x68, 0xd1, 0xb4, 0x4d, 0x49, 0xf5, 0x48, 0x38, 0x52, 0x4b, 0x28, 0xed,
  0x5f, 0xda, 0x24, 0x86, 0x61, 0x23, 0xaa, 0x95, 0xc1, 0x23, 0x95, 0xb7,
  0x6d, 0xfe, 0x75, 0xf2, 0x83, 0x9e, 0x76, 0xf1, 0xc6, 0xdd, 0x6b, 0x3e,
  0x1d, 0x28, 0x39, 0x36, 0x93, 0xbe, 0xcc, 0x7b, 0x84, 0xc3, 0x2c, 0x91,
  0x6e, 0x32, 0xa0, 0x0b, 0x62, 0x26, 0x77, 0x22, 0x32, 0x98, 0x5c, 0x9c,
  0x9c, 0xd5, 0xc4, 0x05, 0x20, 0x79, 0x51, 0x73, 0x4e, 0xd0, 0xba, 0x44,
  0x30, 0x43, 0x29, 0xce, 0x69, 0x64, 0x57, 0x3d, 0xb5, 0xbb, 0xbe, 0x30,
  0x46, 0x6b, 0x77, 0x72, 0x5c, 0xd5, 0xa0, 0xf6, 0x25, 0x1c, 0x4d, 0xe2,
  0x6e, 0xde, 0xfb, 0x57, 0x60, 0xb4, 0x88, 0xbe, 0x3e, 0x54, 0x1e, 0xb3,
  0x07, 0x65, 0x6e, 0x9f, 0xcd, 0x4a, 0x96, 0xfe, 0xe3, 0xc2, 0x63, 0xf1,
  0x15, 0xec, 0x97, 0x13, 0xdc, 0x80, 0x25, 0x90, 0xb0, 0x1e, 0x75, 0xbc,
  0x30, 0x4a, 0x32, 0x4e, 0xc4, 0x73, 0xf1, 0xf8, 0xf2, 0x62, 0x70, 0x49,
  0xdb, 0x09, 0xd1, 0x62, 0x9a, 0x5b, 0xce, 0xc6, 0x02, 0x8b, 0x2c, 0x8a,
  0xca, 0xac, 0xcc, 0x17, 0xaf, 0xa9, 0x22, 0x9a, 0x5b, 0x69, 0xe6, 0xd5,
  0xa7, 0x79, 0xe7, 0x2c, 0x42, 0x60, 0x77, 0xb9, 0xb7, 0xdf, 0x6d, 0x8f,
  0x5c, 0x78, 0x67, 0x6d, 0xe9, 0x45, 0xb2, 0xb2, 0x30, 0x20, 0x90, 0x7c,
  0xc5, 0x1f, 0x0b, 0xb4, 0xae, 0x0c, 0xb2, 0x33, 0x63, 0xa6, 0x4d, 0x6d,
  0x24, 0xdb, 0x39, 0x91, 0x43, 0x5b, 0x60, 0xb0, 0x59, 0xc9, 0x75, 0x2a,
  0x8e, 0x55, 0xd9, 0x57, 0x38, 0xcd, 0x55, 0x69, 0x37, 0x24, 0x44, 0xbe,
  0xa9, 0x0c, 0x09, 0x26, 0xfc, 0x90, 0x29, 0x2f, 0x8f, 0x52, 0x07, 0xe6,
  0x2a, 0x17, 0x19, 0xb9, 0xb1, 0xb9, 0xe6, 0xc8, 0x86, 0xde, 0x32, 0xe7,
  0x1e, 0x63, 0xa7, 0xdf, 0x48, 0xec, 0xee, 0x72, 0xeb, 0x95, 0x5e, 0x5c,
  0xef, 0xb5, 0x0a, 0x85, 0xa6, 0xc3, 0x6f, 0x54, 0x8d, 0xec, 0xba, 0xb4,
  0x17, 0xfa, 0x6c, 0xf6, 0x2a, 0x64, 0x38, 0x41, 0x21, 0x79, 0x53, 0x94,
  0x30, 0x5d, 0xf1, 0x80, 0x4f, 0x97, 0xdd, 0x5a, 0x5e, 0x16, 0xb7, 0x71,
  0xa1, 0xd8, 0x87, 0xb8, 0x55, 0x02, 0x3e, 0xea, 0xb4, 0x93, 0x0c, 0x02,
  0x73, 0xfb, 0x80, 0x8a, 0xcc, 0x70, 0xc5, 0xa5, 0xd5, 0xc4, 0xd3, 0x9b,
  0x75, 0x59, 0x3b, 0x45, 0x28, 0x88, 0x7a, 0x95, 0x20, 0xf7, 0x7e, 0x3d,
  0x2b, 0xa2, 0xd8, 0xe9, 0xeb, 0x67, 0x65, 0x05, 0xb3, 0xa2, 0x76, 0x91,
  0x20, 0x46, 0xda, 0xed, 0x77, 0x1d, 0x7a, 0x6d, 0xf2, 0xae, 0x3f, 0x19,
  0x38, 0x42, 0x1c, 0x91, 0xef, 0xd0, 0xe9, 0xb8, 0xe5, 0x72, 0x53, 0xca,
  0xf5, 0xff, 0x00, 0x49, 0xdb, 0xc6, 0x03, 0x6f, 0x77, 0x18, 0xff, 0x00,
  0xc9, 0xb8, 0x1f, 0xe4, 0xa6, 0x88, 0x53, 0x04, 0x0b, 0xd8, 0xc1, 0xff,
  0x00, 0xbd, 0x9b, 0xfd, 0x14, 0x29, 0xb2, 0x56, 0x0a, 0x44, 0xaa, 0x31,
  0xe1, 0x9b, 0xbf, 0xe9, 0x57, 0xab, 0xad, 0xbe, 0x3b, 0xe3, 0x3f, 0xdd,
  0x92, 0xe4, 0x7e, 0x2b, 0x5c, 0x79, 0x2b, 0xee, 0x1a, 0x62, 0x46, 0xd1,
  0x34, 0xb8, 0x40, 0xfd, 0x7d, 0xcb, 0x90, 0x37, 0xc9, 0x4f, 0xf4, 0xd5,
  0x23, 0x46, 0xb3, 0x70, 0x03, 0xdc, 0x2a, 0x2e, 0x7a, 0x95, 0x8c, 0xff,
  0x00, 0x96, 0xb4, 0x6f, 0x6a, 0xa8, 0xe5, 0xb9, 0x13, 0x3e, 0x39, 0x15,
  0x14, 0x48, 0x65, 0x71, 0x9b, 0x38, 0x9c, 0xfa, 0xae, 0x6b, 0xad, 0x08,
  0xc5, 0x8b, 0x7a, 0xbb, 0x99, 0xad, 0x43, 0x47, 0xb0, 0x8f, 0x4c, 0xbd,
  0x16, 0xf7, 0xe0, 0xce, 0xd1, 0x90, 0x15, 0x63, 0x40, 0x0f, 0xa1, 0x21,
  0x41, 0xae, 0x58, 0x08, 0x0d, 0xb6, 0xf8, 0xae, 0xe1, 0xc4, 0xa2, 0xdb,
  0x45, 0xd0, 0x2f, 0x2e, 0xa4, 0x86, 0x08, 0xc9, 0x42, 0x88, 0x11, 0x3b,
  0xc5, 0x9b, 0x61, 0x5c, 0x5a, 0xce, 0x33, 0x29, 0x2c, 0x26, 0x86, 0x2f,
  0xe6, 0x34, 0xc6, 0x35, 0x15, 0x17, 0xca, 0x3f, 0xc1, 0x5b, 0x4d, 0x30,
  0x41, 0xda, 0xdc, 0x5f, 0xec, 0x1b, 0x91, 0x13, 0x04, 0xfc, 0xea, 0x89,
  0x39, 0x4a, 0x38, 0x18, 0x1e, 0xe1, 0xb0, 0xa2, 0x2e, 0x2f, 0x3b, 0x19,
  0xee, 0x79, 0x19, 0x5e, 0x34, 0xce, 0xea, 0x7b, 0xc4, 0x0a, 0x02, 0x04,
  0x41, 0x6d, 0xcc, 0x93, 0x76, 0xa5, 0xf2, 0x5b, 0x6e, 0x86, 0x9b, 0x71,
  0xf4, 0xa7, 0xec, 0x63, 0x0c, 0xb7, 0x96, 0x51, 0xab, 0xb6, 0xf5, 0x11,
  0x8e, 0xa6, 0x88, 0x88, 0x50, 0xc7, 0x67, 0x6f, 0x7d, 0x17, 0x09, 0xda,
  0x9d, 0x38, 0x7d, 0x43, 0x61, 0x53, 0x90, 0x28, 0x98, 0x61, 0x63, 0x27,
  0x90, 0xf3, 0x34, 0x3c, 0x32, 0x1c, 0xae, 0x05, 0x1d, 0x08, 0x2c, 0x71,
  0xf7, 0x9a, 0x13, 0x58, 0x8d, 0xee, 0xe1, 0x3f, 0x55, 0x6f, 0x96, 0xde,
  0x03, 0x2f, 0xd9, 0x69, 0x48, 0xea, 0x14, 0x11, 0xbf, 0xb8, 0x6d, 0x58,
  0xcb, 0x66, 0x54, 0x3b, 0x30, 0x23, 0xca, 0xbb, 0xaf, 0xd1, 0x7d, 0xa2,
  0x5e, 0xe9, 0xfc, 0x49, 0x6f, 0x6f, 0x6e, 0x97, 0x33, 0x8d, 0x36, 0x52,
  0xcf, 0x28, 0x3c, 0x89, 0xb7, 0x4f, 0x8f, 0xe5, 0x5c, 0x4a, 0x0b, 0x76,
  0xb8, 0xef, 0x88, 0x63, 0x6f, 0x54, 0x6d, 0xfe, 0x55, 0x21, 0xb1, 0x25,
  0xf7, 0x1d, 0x93, 0xe8, 0xe2, 0x6b, 0x5b, 0x8b, 0xab, 0x24, 0x82, 0x48,
  0x3b, 0x59, 0xa4, 0x44, 0x50, 0x58, 0x0e, 0xf1, 0x3e, 0x35, 0xd9, 0x7e,
  0xac, 0x24, 0xd7, 0x57, 0x05, 0x6c, 0x2f, 0x8e, 0x5d, 0xb7, 0x59, 0x88,
  0x07, 0x73, 0xb8, 0xef, 0x57, 0xcb, 0x3c, 0x33, 0x78, 0xda, 0x4e, 0xb9,
  0xa7, 0xde, 0x47, 0x11, 0x88, 0x5a, 0xce, 0x92, 0x1c, 0x9d, 0xce, 0x0d,
  0x7d, 0xed, 0x6d, 0xa4, 0xda, 0xde, 0x5b, 0xc5, 0x73, 0x10, 0x6e, 0x49,
  0x10, 0x3a, 0x30, 0xdf, 0x20, 0x8c, 0x8a, 0xe7, 0x64, 0xf0, 0xbc, 0x59,
  0x5d, 0xca, 0x4d, 0x7b, 0x0e, 0x71, 0x3e, 0x25, 0x92, 0x6a, 0x35, 0x15,
  0xa2, 0x39, 0x6b, 0x70, 0xbc, 0xa8, 0x49, 0x36, 0x9a, 0x92, 0x2f, 0xa5,
  0xc3, 0x7f, 0xaa, 0xa6, 0x9c, 0x3d, 0x6f, 0xd9, 0x73, 0xcb, 0x67, 0xaa,
  0x1c, 0x1c, 0x64, 0x49, 0x23, 0x7e, 0x0d, 0x5d, 0x63, 0xf4, 0x0c, 0x6e,
  0x07, 0xeb, 0x27, 0x1e, 0x60, 0x62, 0x88, 0xb7, 0xd1, 0x23, 0x80, 0x10,
  0x1e, 0x62, 0x09, 0xf3, 0x15, 0x8b, 0xf0, 0x6c, 0x1f, 0xbc, 0x85, 0x7e,
  0xbb, 0x2f, 0x64, 0x7f, 0xff, 0xd9
};
unsigned int coop_portrait_grant_lockwood_jpg_len = 3642;

unsigned char coop_portrait_mariana_arias_jpg[] = {
  0xff, 0xd8, 0xff, 0xe0, 0x00, 0x10, 0x4a, 0x46, 0x49, 0x46, 0x00, 0x01,
  0x01, 0x00, 0x00, 0x01, 0x00, 0x01, 0x00, 0x00, 0xff, 0xdb, 0x00, 0x43,
  0x00, 0x04, 0x03, 0x03, 0x04, 0x03, 0x03, 0x04, 0x04, 0x04, 0x04, 0x05,
  0x05, 0x04, 0x05, 0x07, 0x0b, 0x07, 0x07, 0x06, 0x06, 0x07, 0x0e, 0x0a,
  0x0a, 0x08, 0x0b, 0x10, 0x0e, 0x11, 0x11, 0x10, 0x0e, 0x10, 0x0f, 0x12,
  0x14, 0x1a, 0x16, 0x12, 0x13, 0x18, 0x13, 0x0f, 0x10, 0x16, 0x1f, 0x17,
  0x18, 0x1b, 0x1b, 0x1d, 0x1d, 0x1d, 0x11, 0x16, 0x20, 0x22, 0x1f, 0x1c,
  0x22, 0x1a, 0x1c, 0x1d, 0x1c, 0xff, 0xdb, 0x00, 0x43, 0x01, 0x05, 0x05,
  0x05, 0x07, 0x06, 0x07, 0x0d, 0x07, 0x07, 0x0d, 0x1c, 0x12, 0x10, 0x12,
  0x1c, 0x1c, 0x1c, 0x1c, 0x1c, 0x1c, 0x1c, 0x1c, 0x1c, 0x1c, 0x1c, 0x1c,
  0x1c, 0x1c, 0x1c, 0x1c, 0x1c, 0x1c, 0x1c, 0x1c, 0x1c, 0x1c, 0x1c, 0x1c,
  0x1c, 0x1c, 0x1c, 0x1c, 0x1c, 0x1c, 0x1c, 0x1c, 0x1c, 0x1c, 0x1c, 0x1c,
  0x1c, 0x1c, 0x1c, 0x1c, 0x1c, 0x1c, 0x1c, 0x1c, 0x1c, 0x1c, 0x1c, 0x1c,
  0x1c, 0x1c, 0xff, 0xc0, 0x00, 0x11, 0x08, 0x00, 0x80, 0x00, 0x80, 0x03,
  0x01, 0x22, 0x00, 0x02, 0x11, 0x01, 0x03, 0x11, 0x01, 0xff, 0xc4, 0x00,
  0x1c, 0x00, 0x00, 0x02, 0x03, 0x00, 0x03, 0x01, 0x00, 0x00, 0x00, 0x00,
  0x00, 0x00, 0x00, 0x00, 0x00, 0x00, 0x04, 0x05, 0x02, 0x03, 0x06, 0x00,
  0x01, 0x07, 0x08, 0xff, 0xc4, 0x00, 0x44, 0x10, 0x00, 0x02, 0x01, 0x03,
  0x02, 0x04, 0x03, 0x05, 0x02, 0x09, 0x09, 0x09, 0x00, 0x00, 0x00, 0x00,
  0x01, 0x02, 0x03, 0x00, 0x04, 0x11, 0x05, 0x21, 0x06, 0x12, 0x31, 0x41,
  0x13, 0x51, 0x61, 0x07, 0x14, 0x22, 0x71, 0x81, 0x91, 0xa1, 0x15, 0x16,
  0x23, 0x32, 0x42, 0x52, 0xb1, 0xc1, 0xd1, 0x08, 0x24, 0x25, 0x62, 0x72,
  0x73, 0x84, 0xb2, 0xd2, 0x33, 0x35, 0x43, 0x63, 0x93, 0xc2, 0xe1, 0xf0,
  0xf1, 0xff, 0xc4, 0x00, 0x19, 0x01, 0x00, 0x02, 0x03, 0x01, 0x00, 0x00,
  0x00, 0x00, 0x00, 0x00, 0x00, 0x00, 0x00, 0x00, 0x00, 0x00, 0x02, 0x04,
  0x00, 0x01, 0x03, 0x05, 0xff, 0xc4, 0x00, 0x2b, 0x11, 0x00, 0x03, 0x00,
  0x02, 0x01, 0x02, 0x03, 0x08, 0x02, 0x03, 0x00, 0x00, 0x00, 0x00, 0x00,
  0x00, 0x00, 0x01, 0x02, 0x03, 0x11, 0x31, 0x12, 0x21, 0x04, 0x13, 0x51,
  0x05, 0x14, 0x22, 0x32, 0x33, 0x41, 0x91, 0xb1, 0x52, 0x61, 0x71, 0xc1,
  0xf1, 0xff, 0xda, 0x00, 0x0c, 0x03, 0x01, 0x00, 0x02, 0x11, 0x03, 0x11,
  0x00, 0x3f, 0x00, 0xf8, 0xcd, 0x5c, 0x03, 0x40, 0xde, 0x4a, 0x46, 0x23,
  0x1d, 0x0e, 0xe6, 0xae, 0x4b, 0x79, 0x9c, 0x65, 0xc8, 0x45, 0xf2, 0xef,
  0x41, 0xdc, 0xa1, 0x13, 0xe3, 0xaa, 0xf4, 0xde, 0x85, 0x06, 0xf8, 0x06,
  0x73, 0x87, 0x1f, 0x2a, 0x36, 0x15, 0xca, 0x03, 0xf3, 0xfd, 0x94, 0x1c,
  0xb8, 0x56, 0x23, 0xcb, 0x22, 0x98, 0x59, 0xae, 0x54, 0x29, 0xec, 0x4e,
  0x3e, 0xca, 0x85, 0x23, 0x97, 0x7b, 0xdb, 0xc0, 0x3f, 0xaa, 0x28, 0x10,
  0x0f, 0x20, 0xfe, 0xd0, 0xa6, 0x37, 0x29, 0xcc, 0x96, 0xa0, 0x77, 0x5f,
  0xdd, 0x4b, 0xff, 0x00, 0xe1, 0x8d, 0xfb, 0x8a, 0x84, 0xfb, 0x87, 0x68,
  0xe3, 0xf9, 0xed, 0xbf, 0xf6, 0xeb, 0x47, 0xac, 0xff, 0x00, 0xbb, 0xa3,
  0xf9, 0xc7, 0xfe, 0x53, 0x59, 0xdd, 0x19, 0xb3, 0x7d, 0x6e, 0x3f, 0xae,
  0x2b, 0x4b, 0xad, 0xae, 0x34, 0xc8, 0xcf, 0xac, 0x7f, 0xe5, 0x34, 0xa6,
  0x5f, 0xad, 0x23, 0x38, 0xfe, 0x95, 0x19, 0xbc, 0xd7, 0x33, 0xd6, 0xb8,
  0x6a, 0x27, 0xa5, 0x34, 0x2c, 0x4b, 0x35, 0xc1, 0xd2, 0xa2, 0x0e, 0x05,
  0x70, 0x1e, 0xb5, 0x0a, 0x2c, 0x14, 0xc3, 0x4f, 0x80, 0xc9, 0x05, 0xec,
  0xb9, 0xff, 0x00, 0x67, 0x1e, 0x31, 0xe7, 0x9c, 0xff, 0x00, 0x0a, 0x5e,
  0xa7, 0x6a, 0x69, 0xa6, 0xf3, 0x7b, 0x86, 0xa9, 0x89, 0x55, 0x39, 0x62,
  0x56, 0xe5, 0x39, 0xcb, 0xfc, 0x41, 0x70, 0x3e, 0x8c, 0x4f, 0xd2, 0x82,
  0xf8, 0x0a, 0x79, 0x17, 0x8a, 0x9f, 0x28, 0xc5, 0x57, 0xd2, 0xa4, 0x1f,
  0xb5, 0x19, 0x41, 0xb2, 0x40, 0xeb, 0x92, 0xca, 0xd9, 0xf5, 0x14, 0x9e,
  0xe0, 0x29, 0x91, 0x57, 0x2c, 0x1c, 0x12, 0x5b, 0xc8, 0x8e, 0xd4, 0xee,
  0xdb, 0x88, 0xae, 0xa4, 0x5e, 0x57, 0x64, 0x95, 0x4f, 0x67, 0x50, 0x69,
  0x6e, 0xa4, 0xb0, 0x72, 0x43, 0x32, 0x02, 0xb3, 0x30, 0x70, 0xc0, 0x74,
  0xeb, 0xb5, 0x0c, 0xb7, 0xc3, 0x35, 0xa9, 0x5a, 0xda, 0x13, 0xdc, 0x0e,
  0x56, 0x38, 0xf2, 0xa6, 0xf6, 0x68, 0x08, 0x87, 0x70, 0x73, 0xbe, 0xdf,
  0x23, 0x49, 0xe6, 0x7e, 0x73, 0x9c, 0x63, 0x6a, 0x6b, 0xa5, 0xcc, 0x64,
  0x10, 0x83, 0x92, 0x15, 0xb1, 0x9f, 0x21, 0x83, 0x44, 0xf8, 0x33, 0x45,
  0xaa, 0xa2, 0x4f, 0x75, 0x53, 0xfa, 0x28, 0x49, 0xa5, 0x8f, 0x1f, 0x2c,
  0x2d, 0xfd, 0xad, 0xa9, 0xbd, 0x9a, 0x92, 0xac, 0x0f, 0x55, 0x56, 0x4f,
  0xdf, 0x41, 0x4f, 0x0e, 0x6d, 0xa3, 0x6f, 0xd6, 0x5c, 0xfd, 0x45, 0x56,
  0xcb, 0xd1, 0xcd, 0x0f, 0x6d, 0x46, 0xd4, 0x1f, 0xd7, 0x15, 0xb1, 0xe2,
  0x54, 0x09, 0xa3, 0xda, 0xe0, 0x63, 0x22, 0x32, 0x7e, 0xc6, 0xac, 0xce,
  0x8d, 0x02, 0x8b, 0xcb, 0x67, 0xc8, 0x24, 0xca, 0x07, 0x5a, 0xd1, 0xf1,
  0x01, 0x66, 0xd1, 0xa3, 0xe6, 0x24, 0xe1, 0xe3, 0x03, 0xd0, 0x72, 0x9a,
  0x53, 0x37, 0xd6, 0x93, 0x7c, 0x7f, 0x4a, 0x8c, 0x9e, 0x01, 0xae, 0xba,
  0x57, 0x62, 0xba, 0x6f, 0x9d, 0x3a, 0x2c, 0x74, 0x77, 0xae, 0x01, 0x5d,
  0x8a, 0x90, 0xf2, 0xaa, 0x21, 0x24, 0x14, 0xce, 0xca, 0x16, 0x36, 0x17,
  0xf3, 0x7e, 0x82, 0xa2, 0xa1, 0xf9, 0x96, 0x07, 0xf7, 0x52, 0xd5, 0x18,
  0xa6, 0xf6, 0x5e, 0x2f, 0xe0, 0x3d, 0x50, 0xaf, 0x2f, 0x22, 0xb4, 0x41,
  0xc9, 0x23, 0x3b, 0x93, 0x8c, 0x0f, 0xa5, 0x05, 0xf1, 0xf8, 0xfd, 0x85,
  0x1c, 0x8a, 0x8f, 0xca, 0xba, 0x03, 0x73, 0x52, 0x03, 0x22, 0xa2, 0x3b,
  0xd1, 0x82, 0x0b, 0x1a, 0x93, 0x20, 0x11, 0xe7, 0x24, 0xe2, 0xa3, 0x39,
  0x0f, 0x34, 0xaf, 0x92, 0x42, 0x90, 0x14, 0x66, 0xad, 0x24, 0x85, 0x3c,
  0xa7, 0x07, 0x1f, 0x65, 0x0f, 0x6a, 0xbe, 0x27, 0xc3, 0xb0, 0x01, 0x86,
  0xc6, 0xa1, 0x7f, 0xd1, 0x54, 0xb0, 0xb1, 0xcb, 0x03, 0xb8, 0x1f, 0x9a,
  0x7b, 0x0a, 0x33, 0x41, 0x9d, 0x52, 0x59, 0x2d, 0xdf, 0x66, 0x7f, 0xcd,
  0x3e, 0xa2, 0x8d, 0xbe, 0x81, 0x1e, 0x15, 0x65, 0x1c, 0xb2, 0xae, 0xc4,
  0x8e, 0xe2, 0x94, 0xc5, 0x6e, 0xcf, 0x70, 0x0f, 0xe6, 0xb1, 0xef, 0xeb,
  0x53, 0x94, 0x4e, 0x18, 0xf2, 0x23, 0xc9, 0x7d, 0x3c, 0x24, 0x61, 0xa5,
  0x1c, 0xcb, 0xe8, 0xc3, 0xa8, 0xa8, 0x34, 0x3c, 0xd1, 0xcb, 0x1e, 0x3f,
  0x34, 0xf3, 0x0f, 0xaf, 0x5a, 0xa5, 0xb9, 0xae, 0x3e, 0x23, 0x95, 0xb8,
  0x88, 0xf5, 0x3d, 0x73, 0x47, 0x42, 0xcb, 0x30, 0x49, 0x80, 0xc0, 0x6f,
  0x85, 0xc7, 0x91, 0xef, 0x41, 0xc0, 0x40, 0x1a, 0x0a, 0xb0, 0xd5, 0xad,
  0xe2, 0xc6, 0xfe, 0x20, 0x00, 0x7d, 0x6b, 0x4b, 0xa9, 0x5f, 0xd9, 0x34,
  0x3e, 0xe6, 0xe8, 0x66, 0x28, 0x54, 0xb1, 0x0d, 0xca, 0xa0, 0x80, 0x46,
  0x3d, 0x7a, 0xd2, 0xcd, 0x3a, 0xdc, 0x5b, 0x6b, 0x06, 0x62, 0x30, 0x21,
  0x46, 0x97, 0x7f, 0x91, 0x03, 0xef, 0xa5, 0x8d, 0x1a, 0x87, 0x2d, 0x27,
  0xc6, 0xf2, 0x61, 0xf7, 0x3d, 0x33, 0x59, 0x54, 0x2a, 0xbe, 0xaf, 0x42,
  0xd3, 0xae, 0x97, 0x28, 0x65, 0x02, 0x69, 0xb2, 0x29, 0x59, 0x21, 0x71,
  0x9f, 0xd2, 0x8e, 0x4d, 0xc7, 0xdb, 0xb5, 0x53, 0xaa, 0x68, 0xb3, 0x69,
  0xd1, 0x41, 0x72, 0x18, 0x49, 0x67, 0x71, 0x9f, 0x0e, 0x50, 0x3a, 0x91,
  0xd4, 0x11, 0xd8, 0xd4, 0x63, 0xd1, 0xde, 0xe6, 0x68, 0x59, 0x02, 0xa2,
  0xce, 0xdc, 0xa3, 0xb0, 0x5d, 0xfd, 0x2b, 0x6d, 0x7b, 0xa7, 0x3b, 0x70,
  0x1d, 0xc5, 0x9c, 0xa0, 0x99, 0xb4, 0xf9, 0x56, 0x75, 0x38, 0xc9, 0xe5,
  0x23, 0x7f, 0xb9, 0x81, 0xfa, 0x54, 0xf3, 0x3a, 0x69, 0x2d, 0xf2, 0x05,
  0x63, 0xa8, 0xee, 0xf8, 0x3c, 0xe4, 0x54, 0x96, 0xb9, 0xd2, 0xa4, 0xbb,
  0xd3, 0x05, 0x13, 0x03, 0x02, 0x98, 0xd9, 0xc6, 0xdf, 0x82, 0x75, 0x09,
  0x31, 0xf0, 0x13, 0x1a, 0x83, 0xeb, 0x9a, 0x5b, 0x91, 0xd2, 0x9c, 0x40,
  0x64, 0x5e, 0x1a, 0xbb, 0xe5, 0x43, 0xe1, 0xfb, 0xc2, 0x2b, 0xbe, 0x36,
  0x04, 0x82, 0x40, 0xcf, 0x9f, 0xc2, 0x68, 0x2d, 0x76, 0xfc, 0x7e, 0xc2,
  0x97, 0xdc, 0x52, 0xd9, 0xce, 0x05, 0x74, 0xab, 0x8c, 0xd7, 0x6a, 0x37,
  0xce, 0x6a, 0xdc, 0x0e, 0xb4, 0x65, 0x21, 0x54, 0x12, 0x78, 0xd2, 0xf2,
  0x9e, 0x84, 0xe2, 0xa7, 0x6e, 0x00, 0x9d, 0xfc, 0xfb, 0x50, 0x96, 0xf9,
  0xf1, 0x86, 0x7b, 0xd3, 0x48, 0x2d, 0xcb, 0xdc, 0x6d, 0xd3, 0xad, 0x42,
  0x21, 0x8c, 0x29, 0xe3, 0xc6, 0xc9, 0xd4, 0xe3, 0x6a, 0x5c, 0x41, 0x4e,
  0x71, 0x80, 0x73, 0xb6, 0xf4, 0xfe, 0xca, 0xd5, 0x95, 0xc1, 0xa1, 0x75,
  0x9b, 0x13, 0x6b, 0x78, 0xc7, 0x97, 0x09, 0x2a, 0xf3, 0xaf, 0xd6, 0x85,
  0x52, 0xde, 0x83, 0x6b, 0xb6, 0xc5, 0x16, 0xb2, 0xb0, 0x94, 0xb3, 0x64,
  0xb2, 0xec, 0xc3, 0xf5, 0x97, 0xf8, 0x8a, 0x3b, 0x26, 0xd2, 0xe2, 0x68,
  0xf2, 0x0a, 0x1e, 0xe0, 0xec, 0x7c, 0x8d, 0x04, 0x61, 0x73, 0x97, 0x8c,
  0x65, 0xd3, 0xe2, 0xdb, 0xcb, 0xbd, 0x1f, 0x34, 0xa9, 0x71, 0xa6, 0xc6,
  0xe5, 0x02, 0xcb, 0x6c, 0x84, 0x64, 0x75, 0x91, 0x0f, 0x4f, 0xb0, 0xd4,
  0x65, 0x20, 0x9b, 0x67, 0xf1, 0xa2, 0x98, 0xb6, 0xee, 0x23, 0x21, 0x4f,
  0xa6, 0x45, 0x2f, 0x78, 0xcf, 0x3c, 0x3d, 0xf3, 0x18, 0xfb, 0xaa, 0xad,
  0x3a, 0xe9, 0xde, 0x75, 0x45, 0x90, 0x80, 0x01, 0x3c, 0xa3, 0xf4, 0xb6,
  0xe9, 0x56, 0x4a, 0x65, 0xb1, 0x95, 0x4d, 0xd0, 0x78, 0xd1, 0x95, 0x8c,
  0x5c, 0xdb, 0x9c, 0x67, 0x70, 0x68, 0x1a, 0xee, 0x14, 0xf6, 0xee, 0x6a,
  0x74, 0x7b, 0x49, 0xae, 0x45, 0xb1, 0x8e, 0x32, 0x44, 0x4e, 0x18, 0x93,
  0xd3, 0xff, 0x00, 0x73, 0x4f, 0x3d, 0xa1, 0x09, 0xb4, 0x86, 0x3a, 0x47,
  0x88, 0x55, 0xee, 0x25, 0x89, 0x67, 0x2b, 0xb1, 0x0a, 0x91, 0xa9, 0x61,
  0xf4, 0x3b, 0x7d, 0x2b, 0x3b, 0xa3, 0x71, 0x6d, 0x95, 0x9c, 0x73, 0x48,
  0xac, 0x4c, 0xd1, 0x2f, 0x34, 0x51, 0x15, 0xc8, 0x77, 0xce, 0xd5, 0x5c,
  0xf3, 0x5f, 0xea, 0xb6, 0x32, 0xea, 0x3a, 0xb4, 0xf2, 0x35, 0xc4, 0xac,
  0xf2, 0x24, 0x92, 0x6e, 0x65, 0x25, 0x80, 0x6c, 0x79, 0x0f, 0xe1, 0x4a,
  0xce, 0x3a, 0xf3, 0x3a, 0xab, 0x83, 0x6c, 0x95, 0x35, 0x8e, 0x66, 0x79,
  0xe5, 0x99, 0xa9, 0x02, 0xf8, 0x8f, 0xc8, 0x4f, 0x26, 0x4e, 0x33, 0xe5,
  0x5c, 0x1d, 0x3d, 0x6a, 0x72, 0xba, 0xb4, 0x92, 0x0f, 0x08, 0x46, 0xc8,
  0x46, 0x31, 0xd1, 0x86, 0x3e, 0xee, 0x9f, 0x7d, 0x41, 0x7b, 0xd3, 0xc8,
  0x51, 0x9d, 0xf2, 0xe6, 0x9b, 0x5b, 0x67, 0xf0, 0x05, 0xe8, 0x24, 0xe3,
  0xde, 0x22, 0xf9, 0x7e, 0x6b, 0xd2, 0xa1, 0xb6, 0x69, 0xd7, 0x8b, 0x8e,
  0x18, 0x58, 0xf9, 0x73, 0xcd, 0x75, 0x92, 0xde, 0x58, 0x5e, 0x9f, 0x7d,
  0x0d, 0xad, 0xaf, 0xc7, 0xec, 0xb9, 0xe4, 0x52, 0x16, 0xa4, 0xb9, 0xcf,
  0xa5, 0x44, 0x6f, 0xd3, 0xb5, 0x5c, 0xbb, 0x55, 0xec, 0x86, 0x74, 0xe6,
  0x27, 0x07, 0xb8, 0x35, 0xa9, 0xe1, 0xfb, 0x7f, 0x7a, 0x9a, 0x65, 0x3d,
  0x40, 0x18, 0xa6, 0x77, 0x7e, 0xca, 0xb8, 0x82, 0x59, 0x64, 0x31, 0x45,
  0x6e, 0xc8, 0x5b, 0x20, 0xf8, 0xe2, 0xb4, 0xbc, 0x31, 0xec, 0xf3, 0x58,
  0xd3, 0xee, 0x8c, 0x97, 0x11, 0x44, 0x14, 0xa7, 0x2f, 0xc3, 0x20, 0x3b,
  0xd6, 0x57, 0xe2, 0x31, 0xf4, 0xb6, 0xa9, 0x1b, 0x4e, 0x0b, 0xdf, 0x74,
  0x07, 0x16, 0x9a, 0x54, 0x0c, 0x6d, 0x8a, 0xab, 0x88, 0x6c, 0x8c, 0xf6,
  0x11, 0x49, 0xd5, 0xa0, 0x3c, 0xa4, 0xfa, 0x1a, 0xf4, 0x95, 0xe0, 0xeb,
  0xb6, 0x40, 0x52, 0x34, 0xcf, 0x91, 0x6a, 0xae, 0x7e, 0x03, 0xd4, 0x26,
  0x8a, 0x48, 0xd9, 0x15, 0x95, 0xd7, 0x18, 0x4d, 0xff, 0x00, 0x85, 0x2b,
  0x3e, 0x22, 0x77, 0xbd, 0x9b, 0x3c, 0x55, 0xae, 0x0f, 0x0c, 0x64, 0x6b,
  0x74, 0x13, 0x6e, 0x30, 0x73, 0x44, 0xcf, 0x67, 0xef, 0x5a, 0x71, 0x5b,
  0x72, 0x7c, 0x73, 0x30, 0x48, 0xd5, 0x06, 0xcc, 0x8d, 0x9f, 0xde, 0x2b,
  0xd3, 0xae, 0xfd, 0x9b, 0x6a, 0xe6, 0xd9, 0x95, 0x34, 0x79, 0x26, 0x75,
  0xe8, 0xcd, 0x2c, 0x71, 0x28, 0x1e, 0xb9, 0x26, 0xbc, 0xd1, 0xa6, 0x6b,
  0x5b, 0xa9, 0x2d, 0xa7, 0x11, 0xf2, 0xc6, 0xdc, 0xa4, 0x45, 0x27, 0x32,
  0xa8, 0x56, 0x27, 0x66, 0x1d, 0x77, 0xce, 0xf4, 0xd4, 0xe5, 0x57, 0xde,
  0x4c, 0x7a, 0x34, 0xfb, 0x80, 0xdf, 0x68, 0x93, 0x68, 0x77, 0xa2, 0x09,
  0x01, 0x13, 0x7c, 0x2a, 0x17, 0x18, 0xdd, 0x87, 0x43, 0xe5, 0xd6, 0x9a,
  0xea, 0x9c, 0x43, 0xa2, 0xeb, 0x57, 0x9a, 0x3c, 0x57, 0xb6, 0x33, 0xc5,
  0x05, 0xaf, 0x28, 0xba, 0x92, 0x27, 0x05, 0xa4, 0xd8, 0x06, 0x03, 0x6f,
  0x31, 0x9f, 0xa9, 0xa5, 0x97, 0xfa, 0x89, 0xd5, 0xe7, 0xba, 0x96, 0xe1,
  0x98, 0xb1, 0x21, 0x81, 0x66, 0x24, 0xe0, 0x0c, 0x63, 0x3e, 0x7b, 0x0a,
  0x53, 0xee, 0xbf, 0x17, 0x30, 0x1c, 0xcb, 0xe7, 0x9a, 0x25, 0x3b, 0xef,
  0x5c, 0x94, 0xfb, 0x71, 0xc1, 0xbb, 0xd7, 0x6f, 0x38, 0x29, 0x4d, 0x93,
  0xe8, 0x56, 0x57, 0x26, 0x48, 0xe4, 0x0f, 0x20, 0x90, 0x9f, 0x89, 0x77,
  0xdb, 0x24, 0x7c, 0xbb, 0x50, 0x9a, 0xbf, 0x14, 0x45, 0xaa, 0xdd, 0x43,
  0x0c, 0x36, 0x7e, 0x05, 0xac, 0x10, 0xa4, 0x6a, 0x0b, 0x73, 0x13, 0xca,
  0x37, 0xf4, 0x1b, 0x92, 0x6b, 0x35, 0x14, 0x5c, 0xfd, 0x30, 0x07, 0x9b,
  0x30, 0x18, 0xa2, 0x23, 0x81, 0x23, 0x20, 0xe4, 0xb7, 0x62, 0xd8, 0xc6,
  0xde, 0x42, 0xa9, 0x44, 0xa2, 0x26, 0xd9, 0xa4, 0xd5, 0x38, 0x7e, 0x1b,
  0x5d, 0x2e, 0x6b, 0xf7, 0xb8, 0x44, 0x91, 0x94, 0x2a, 0xa3, 0x6c, 0x5f,
  0xc8, 0x0f, 0x3e, 0xc6, 0xb2, 0x23, 0xad, 0x32, 0xbd, 0xbc, 0x6d, 0x42,
  0xe5, 0xd6, 0x59, 0x24, 0x60, 0xb8, 0x08, 0x59, 0xc9, 0x03, 0x6c, 0x74,
  0xfa, 0x50, 0x12, 0x44, 0xd1, 0x36, 0x09, 0x07, 0xd4, 0x51, 0xc2, 0xd2,
  0x02, 0xd3, 0x3a, 0x14, 0xe5, 0x5d, 0x8f, 0x0c, 0x88, 0xf9, 0x8f, 0x28,
  0xbd, 0x2c, 0x07, 0xaf, 0x87, 0xd6, 0x93, 0x0a, 0x77, 0x33, 0x22, 0x70,
  0xdd, 0x92, 0x2a, 0x80, 0xf2, 0x4c, 0xee, 0xcd, 0x9e, 0xb8, 0xc8, 0xaa,
  0xb5, 0xbd, 0x03, 0x3f, 0x71, 0x6a, 0x8c, 0x54, 0x82, 0xd4, 0x23, 0x39,
  0xef, 0x56, 0xae, 0x05, 0x59, 0x48, 0x3e, 0x39, 0x26, 0x8c, 0x10, 0xb7,
  0x12, 0xa0, 0x3d, 0x83, 0x91, 0x56, 0xad, 0xcd, 0xd7, 0x6b, 0xcb, 0x8f,
  0xfa, 0x86, 0x88, 0xbd, 0xd2, 0x2e, 0x34, 0xf8, 0x56, 0x59, 0x37, 0x56,
  0x0a, 0x46, 0xdd, 0x41, 0xad, 0xaf, 0x0b, 0x7b, 0x1f, 0xd6, 0xb8, 0xab,
  0x56, 0xb4, 0xd3, 0xad, 0xae, 0x6d, 0x22, 0x9a, 0xe5, 0xf9, 0x15, 0xa5,
  0x66, 0x00, 0x1c, 0x13, 0xbe, 0x01, 0xf2, 0xa4, 0x6a, 0x94, 0xad, 0xb6,
  0x77, 0x16, 0x58, 0x66, 0x0f, 0xdf, 0x2f, 0x54, 0x9f, 0xe7, 0x97, 0x38,
  0xf4, 0x90, 0xd4, 0x86, 0xa1, 0x7c, 0x08, 0x22, 0xf2, 0xec, 0x11, 0xff,
  0x00, 0x34, 0xd7, 0xb3, 0xeb, 0x9f, 0xc9, 0x97, 0x8a, 0xb4, 0x09, 0x5d,
  0x27, 0xbf, 0xd3, 0x1c, 0xa0, 0xdc, 0xa3, 0xbe, 0x3e, 0xf5, 0xaf, 0x3d,
  0xbe, 0xe0, 0x1d, 0x62, 0xc9, 0x98, 0x11, 0x0c, 0x80, 0x1d, 0xca, 0x9f,
  0xe2, 0x28, 0x67, 0x2c, 0x5f, 0xca, 0xd1, 0x3a, 0xa0, 0xcb, 0x6a, 0x3c,
  0x49, 0xab, 0xac, 0x06, 0x06, 0xd4, 0xef, 0x19, 0x66, 0x05, 0x59, 0x5a,
  0x66, 0x20, 0x8e, 0xf4, 0x8a, 0x17, 0x89, 0xbc, 0x65, 0x2c, 0x7f, 0x26,
  0xa4, 0x12, 0xc3, 0x1b, 0xf4, 0xda, 0x9e, 0xeb, 0x7a, 0x44, 0xb6, 0xec,
  0x91, 0xdd, 0x0f, 0x8b, 0x19, 0xc2, 0xf5, 0x1f, 0x2a, 0x53, 0x22, 0xcf,
  0x3a, 0xb4, 0x20, 0xa9, 0x5d, 0x86, 0x4a, 0x00, 0x71, 0xf4, 0x14, 0xcc,
  0x35, 0xd3, 0xa1, 0x5c, 0xb1, 0x5d, 0x6a, 0x97, 0x7d, 0xf0, 0x2d, 0x8b,
  0x2e, 0x0a, 0xe0, 0x90, 0x01, 0x27, 0x1d, 0xea, 0xd8, 0x65, 0x40, 0xcc,
  0x39, 0x14, 0xfa, 0xe3, 0x14, 0x5c, 0x5a, 0x7b, 0x2f, 0x3e, 0x58, 0x0c,
  0x82, 0xbd, 0x3a, 0x54, 0x57, 0x48, 0x3b, 0xfe, 0x53, 0xa7, 0xa5, 0x1f,
  0x9b, 0x3e, 0xa0, 0x7b, 0x9e, 0x6d, 0x70, 0x45, 0x27, 0x8c, 0xee, 0x15,
  0x16, 0xa5, 0x35, 0xee, 0x57, 0x09, 0xdb, 0xbd, 0x40, 0x5b, 0x5b, 0xc3,
  0x3b, 0x47, 0x3c, 0xa5, 0x54, 0x2e, 0x43, 0x05, 0xce, 0xff, 0x00, 0x2a,
  0xa9, 0x63, 0x88, 0x83, 0xf9, 0x5c, 0x7c, 0xc5, 0x1a, 0x69, 0xf7, 0x30,
  0x6a, 0xa1, 0xb9, 0x7c, 0x92, 0xb2, 0x1f, 0x1b, 0xb3, 0x07, 0x63, 0x8e,
  0x8b, 0xde, 0x9c, 0x59, 0xe9, 0x12, 0xde, 0xcd, 0x02, 0xc7, 0x1b, 0x29,
  0xba, 0x04, 0x72, 0xb7, 0x6c, 0x75, 0x35, 0x46, 0x97, 0x67, 0xcc, 0xdc,
  0xc9, 0x20, 0x6f, 0x2c, 0x76, 0xde, 0xb4, 0xbc, 0x3f, 0x70, 0x53, 0x5d,
  0xb2, 0x8d, 0xa4, 0x2d, 0x1a, 0x4a, 0x02, 0x2f, 0x96, 0x7a, 0xd6, 0x59,
  0x6d, 0xca, 0x6e, 0x4d, 0x7c, 0x3e, 0x39, 0xab, 0x99, 0xbe, 0x1b, 0x46,
  0x2d, 0xe2, 0x68, 0x64, 0x78, 0xdc, 0x61, 0x90, 0x95, 0x23, 0xd4, 0x53,
  0x59, 0x02, 0xfe, 0x2f, 0x58, 0xfc, 0x2b, 0x9f, 0x79, 0x9b, 0x24, 0x0d,
  0xcf, 0xc2, 0x9d, 0x68, 0x3d, 0x44, 0x7f, 0x48, 0xde, 0x7f, 0x7c, 0xff,
  0x00, 0xe6, 0x35, 0xaa, 0xbb, 0xe1, 0x0d, 0x61, 0x74, 0x7d, 0x36, 0xde,
  0x1d, 0x32, 0xe6, 0x49, 0x48, 0x69, 0xdc, 0xa6, 0x18, 0x0e, 0x6c, 0x00,
  0x36, 0xe8, 0x70, 0xbf, 0x7d, 0x5e, 0x4c, 0x93, 0x3d, 0x3d, 0x4f, 0x5f,
  0xf0, 0x5a, 0x65, 0xbe, 0xad, 0x23, 0x22, 0x31, 0x9d, 0x8e, 0x2a, 0x61,
  0xb9, 0x7b, 0x64, 0x53, 0x7f, 0xc4, 0xae, 0x21, 0x2c, 0x3f, 0xa1, 0xaf,
  0x31, 0xfd, 0xd9, 0xab, 0x87, 0x05, 0x71, 0x0e, 0x70, 0x34, 0x5b, 0xe3,
  0xf2, 0x88, 0xd4, 0xf3, 0xf1, 0x7f, 0x25, 0xf9, 0x45, 0x79, 0x77, 0xe8,
  0xcd, 0xa7, 0x12, 0xcd, 0x6a, 0xba, 0x75, 0xad, 0xbb, 0x05, 0x7b, 0x82,
  0x23, 0x55, 0x20, 0xf4, 0xdc, 0x57, 0xd0, 0x1e, 0xc5, 0xda, 0x0b, 0xbe,
  0x3a, 0xd1, 0xa3, 0x88, 0x82, 0xde, 0x27, 0x89, 0xcd, 0x9d, 0x80, 0xf0,
  0xeb, 0xe5, 0xad, 0x33, 0x85, 0x38, 0x87, 0x8a, 0xb5, 0x8b, 0x7b, 0x4b,
  0x2b, 0x8b, 0x29, 0x2e, 0x9b, 0xe2, 0x45, 0x9a, 0x6f, 0x09, 0x7e, 0x10,
  0x4e, 0x79, 0x9c, 0x01, 0xdb, 0xce, 0xbd, 0x7b, 0x84, 0xfd, 0x9e, 0x7b,
  0x60, 0xe0, 0xad, 0x4e, 0xdf, 0x55, 0xb0, 0x4d, 0x0c, 0xcb, 0x1a, 0x90,
  0xbe, 0x26, 0xa5, 0x6e, 0xc3, 0x04, 0x63, 0xa7, 0x3d, 0x21, 0x97, 0x1c,
  0x74, 0xe9, 0x52, 0xd8, 0xca, 0xb7, 0xc3, 0x47, 0xdb, 0x3c, 0x71, 0xa0,
  0x5b, 0xea, 0xb3, 0xbc, 0x7c, 0xeb, 0x92, 0x3e, 0x2c, 0x6f, 0x8f, 0x4a,
  0xf1, 0x9e, 0x24, 0xf6, 0x65, 0x23, 0xab, 0x8b, 0x78, 0xc7, 0xcd, 0xb6,
  0x14, 0xaf, 0x4d, 0xe2, 0xbf, 0x6e, 0x56, 0xd7, 0x71, 0xc7, 0x25, 0x97,
  0x08, 0x5d, 0x10, 0x32, 0xd8, 0xb8, 0x0d, 0xf6, 0x95, 0x7a, 0x0f, 0xda,
  0x07, 0xb5, 0x8e, 0x35, 0xd0, 0xac, 0x63, 0x3a, 0xc5, 0x87, 0x0e, 0xda,
  0xcd, 0x29, 0x28, 0xac, 0x8e, 0x70, 0xc4, 0x75, 0xc0, 0x2c, 0x7c, 0xfb,
  0xd2, 0x2e, 0x2a, 0x6b, 0xe1, 0x6b, 0x6c, 0xd6, 0x1f, 0xd8, 0xf9, 0xcf,
  0xda, 0xee, 0x84, 0x74, 0x1e, 0x25, 0x86, 0xd0, 0xdd, 0x43, 0x24, 0xbe,
  0x10, 0x2e, 0x91, 0x9e, 0x6e, 0x4d, 0xce, 0xc7, 0xd6, 0xb1, 0xb7, 0x36,
  0xa0, 0x5b, 0x19, 0xc2, 0xe1, 0x86, 0x01, 0x39, 0xdb, 0x15, 0x1e, 0x28,
  0xbb, 0xbc, 0xd5, 0x75, 0xdb, 0xfb, 0xdb, 0x89, 0x92, 0x69, 0x2e, 0x26,
  0x69, 0x19, 0x83, 0x06, 0x19, 0x27, 0x3b, 0x7a, 0x55, 0x51, 0xcb, 0x24,
  0x76, 0x8e, 0x97, 0x0e, 0x02, 0x38, 0xe5, 0x5c, 0x77, 0x3d, 0xab, 0xa6,
  0xa1, 0xf4, 0xae, 0xe3, 0xd8, 0x72, 0xa5, 0xf0, 0xd4, 0xbf, 0xf4, 0x0a,
  0xad, 0x9f, 0xa5, 0x76, 0x1b, 0xb5, 0x46, 0xe6, 0xd8, 0xad, 0xa3, 0x48,
  0x8d, 0x86, 0x5c, 0x6e, 0x29, 0x6a, 0xcb, 0x70, 0x33, 0xf1, 0xe7, 0xe6,
  0x28, 0xe3, 0x13, 0xb5, 0xb4, 0x69, 0x9b, 0xc5, 0xac, 0x15, 0xd3, 0x48,
  0xaf, 0x53, 0x23, 0xdf, 0x37, 0xdc, 0x60, 0x55, 0xf0, 0x89, 0x24, 0xb7,
  0xf0, 0xa1, 0x80, 0x3b, 0x1c, 0x86, 0x7e, 0x5c, 0x90, 0x3a, 0x8c, 0x55,
  0x12, 0x5b, 0xcb, 0x3b, 0xf3, 0x31, 0xcb, 0x74, 0xda, 0x88, 0x86, 0x3b,
  0xb8, 0x62, 0x31, 0xa3, 0x15, 0x46, 0xec, 0x7b, 0xd3, 0x6a, 0x5a, 0x94,
  0x8e, 0x26, 0x5a, 0xf3, 0x32, 0x55, 0x2f, 0xb8, 0x6d, 0xb4, 0x0f, 0x67,
  0x0d, 0xde, 0x1f, 0x91, 0x82, 0x60, 0xb0, 0xf5, 0x20, 0x1a, 0x67, 0xc3,
  0x4f, 0x1d, 0xb5, 0xf4, 0x12, 0xac, 0x6c, 0xe1, 0x18, 0x33, 0x3b, 0x6d,
  0xd2, 0x81, 0x6b, 0x41, 0x6d, 0xa3, 0x49, 0x34, 0xef, 0x83, 0x24, 0x89,
  0x18, 0x24, 0xed, 0xdc, 0x9f, 0xd9, 0x44, 0x69, 0x53, 0x43, 0x2c, 0xd1,
  0xc4, 0x25, 0x67, 0x24, 0xec, 0x07, 0x4a, 0xcf, 0x27, 0xca, 0xf6, 0x69,
  0x87, 0xa9, 0x64, 0x9e, 0x8e, 0x7b, 0x68, 0x51, 0x7b, 0xce, 0x6f, 0x27,
  0x69, 0x17, 0x95, 0x9d, 0x8b, 0xe3, 0xd0, 0xef, 0xfb, 0xeb, 0xdc, 0xad,
  0xed, 0xd4, 0x85, 0x71, 0x76, 0x84, 0x32, 0x29, 0xc1, 0x96, 0xe0, 0x63,
  0x6f, 0x45, 0xc7, 0xd9, 0x59, 0x01, 0xec, 0xab, 0x59, 0xe2, 0x09, 0xcd,
  0xdc, 0x0f, 0x67, 0x0d, 0xb4, 0xaa, 0x39, 0x19, 0xa4, 0x27, 0xa6, 0xdb,
  0x8c, 0x12, 0x0d, 0x7a, 0x04, 0x56, 0x42, 0xde, 0x18, 0xed, 0xdc, 0x23,
  0x49, 0x12, 0x84, 0x66, 0xcd, 0xe7, 0x51, 0xb1, 0xf4, 0xed, 0x5c, 0x7f,
  0x68, 0x78, 0x8c, 0x79, 0x14, 0xa8, 0x7b, 0x6b, 0x9d, 0x0c, 0x78, 0x7c,
  0x57, 0x8e, 0xa9, 0x52, 0x21, 0x6f, 0x18, 0x0d, 0xbd, 0xdc, 0x63, 0xfc,
  0x4d, 0xc0, 0xfd, 0xa9, 0x4d, 0x10, 0xa8, 0x07, 0x17, 0xb1, 0x8f, 0xf1,
  0xb3, 0x7f, 0xa2, 0x86, 0x36, 0x4a, 0xc1, 0x48, 0x95, 0x46, 0x3b, 0x66,
  0xef, 0xf8, 0x55, 0xea, 0xeb, 0x6f, 0x8f, 0x8c, 0x67, 0xfa, 0xb2, 0x5c,
  0x8f, 0xda, 0xb5, 0xc7, 0xa5, 0xbf, 0x51, 0xc4, 0xc4, 0x6d, 0xa2, 0x69,
  0x70, 0x81, 0xf9, 0x7b, 0x97, 0x6c, 0x6f, 0x92, 0x9f, 0xe9, 0xaa, 0xd7,
  0x47, 0xb3, 0x60, 0x03, 0xdc, 0x2a, 0x0c, 0xf5, 0x22, 0x33, 0xff, 0x00,
  0x6d, 0x68, 0x9e, 0xd5, 0x51, 0xcb, 0x72, 0xa6, 0x7b, 0xe4, 0x54, 0x63,
  0x48, 0x65, 0x61, 0x9b, 0x48, 0x98, 0xf4, 0xdd, 0x73, 0x5d, 0x69, 0x99,
  0x62, 0xdf, 0x17, 0xa8, 0xb6, 0xcb, 0x4d, 0xd3, 0x6d, 0x1c, 0xb2, 0x6a,
  0x92, 0x47, 0x27, 0x4e, 0x68, 0x62, 0x4c, 0x81, 0xf4, 0x51, 0x45, 0xc9,
  0xa4, 0x69, 0xda, 0x8e, 0xf3, 0x6b, 0x17, 0xb2, 0x15, 0xe9, 0xe2, 0xdb,
  0xab, 0x7e, 0xd1, 0x4e, 0x61, 0xd3, 0x21, 0x8c, 0x73, 0x98, 0x6d, 0x62,
  0xef, 0xf9, 0x94, 0x62, 0xa2, 0xe5, 0x70, 0x20, 0x38, 0x1d, 0x55, 0x7b,
  0x7d, 0xb5, 0x6a, 0x31, 0xb7, 0xc3, 0x2b, 0x75, 0xea, 0x7c, 0xef, 0xc5,
  0x1a, 0x74, 0x76, 0x3c, 0x41, 0x75, 0x6b, 0x6d, 0x38, 0x96, 0x32, 0xf9,
  0x0c, 0x40, 0x5c, 0x67, 0x7c, 0x1f, 0x2a, 0x06, 0xf2, 0xd1, 0x4a, 0x46,
  0x92, 0xb2, 0x90, 0x14, 0xb9, 0x0a, 0x77, 0xf4, 0xa9, 0xea, 0x97, 0xab,
  0x75, 0xae, 0x5f, 0x5c, 0xf2, 0x2b, 0x24, 0xb3, 0x3b, 0x01, 0xbe, 0x30,
  0x49, 0xa5, 0xf7, 0xd7, 0x8b, 0x99, 0xc4, 0x71, 0xf8, 0x48, 0x51, 0x54,
  0xc8, 0xa4, 0x9e, 0x5d, 0xeb, 0xa1, 0x8a, 0x77, 0x49, 0x0e, 0x65, 0xb5,
  0x8f, 0x07, 0x7e, 0xfc, 0x15, 0x49, 0x72, 0x63, 0xb6, 0x90, 0x67, 0xc8,
  0xef, 0x40, 0xfb, 0xf8, 0x3d, 0x63, 0x06, 0xb9, 0x70, 0xdc, 0xb1, 0x38,
  0x07, 0x23, 0x1b, 0x1a, 0x5f, 0x1b, 0x66, 0x9a, 0xc0, 0x96, 0x99, 0xce,
  0xf1, 0xd6, 0xdd, 0x2f, 0xf0, 0x37, 0x82, 0xe5, 0x33, 0x9e, 0x52, 0x28,
  0xf5, 0x99, 0x1c, 0x03, 0x8d, 0x85, 0x23, 0x88, 0xd1, 0xf1, 0x09, 0x24,
  0x43, 0xb1, 0x55, 0x1f, 0xa4, 0x76, 0x15, 0xab, 0x14, 0x9e, 0xe1, 0xda,
  0xec, 0xeb, 0x71, 0xa3, 0xdb, 0xc2, 0xae, 0x8b, 0xf9, 0x5c, 0xef, 0xe8,
  0x3f, 0xf3, 0x4b, 0x34, 0x99, 0x3d, 0xda, 0xea, 0x37, 0xe6, 0x53, 0xca,
  0x41, 0xf8, 0x5a, 0xac, 0xd7, 0x19, 0x20, 0xb5, 0xb1, 0x8d, 0x00, 0x6d,
  0x99, 0x89, 0x61, 0x91, 0x9c, 0xff, 0x00, 0xf2, 0x97, 0x5a, 0x4e, 0x59,
  0xc2, 0x84, 0x8d, 0x57, 0x3b, 0x90, 0x2a, 0x94, 0xee, 0x74, 0x17, 0x5f,
  0x4d, 0xaa, 0x5c, 0xa3, 0xed, 0x6e, 0x0e, 0xe1, 0x8b, 0x86, 0xd0, 0xb4,
  0xf9, 0x2d, 0xae, 0x74, 0xe9, 0x2d, 0x9e, 0x31, 0x22, 0xbf, 0x88, 0xdb,
  0x83, 0xbf, 0xea, 0xd7, 0x3f, 0x16, 0x12, 0x6b, 0xab, 0x82, 0xb6, 0x17,
  0xdb, 0xbb, 0x6e, 0xb3, 0x10, 0x0e, 0xe7, 0x71, 0xf1, 0x51, 0x1e, 0xc1,
  0x27, 0xb7, 0xd6, 0xbd, 0x9d, 0x59, 0xc4, 0xaa, 0x44, 0x96, 0x2e, 0xd0,
  0x38, 0x07, 0xbe, 0x79, 0x81, 0xeb, 0xe4, 0x6b, 0xd3, 0xbf, 0x01, 0x40,
  0x7e, 0x20, 0x8e, 0xa4, 0x74, 0xc6, 0xf5, 0xcc, 0xaf, 0x64, 0x78, 0x6a,
  0x7b, 0x4e, 0x93, 0x0e, 0xbc, 0x6e, 0x6e, 0xa7, 0xd5, 0xa6, 0x79, 0x33,
  0x70, 0xbc, 0xa9, 0x92, 0x6d, 0x35, 0x24, 0x5e, 0xdf, 0xce, 0x1b, 0xfd,
  0x55, 0x34, 0xe1, 0xeb, 0x7f, 0x0b, 0x9e, 0x5b, 0x3d, 0x50, 0xe0, 0xe3,
  0x22, 0x49, 0x1b, 0xf6, 0x35, 0x7a, 0xcf, 0xe0, 0x18, 0xdc, 0x0f, 0xca,
  0x4e, 0x3d, 0x06, 0x28, 0x8b, 0x7d, 0x12, 0x38, 0x01, 0x01, 0xe6, 0x20,
  0x9f, 0x31, 0x59, 0x3f, 0x63, 0x60, 0xfe, 0x74, 0x4f, 0x7e, 0xcb, 0xe8,
  0x8f, 0xff, 0xd9
};
unsigned int coop_portrait_mariana_arias_jpg_len = 3603;

